video_id,text,likes,date,toxicity,month
dUag-RGvDlQ,Ja das können die grünen lügen und betrügen siehe baerbock und ihr Lebenslauf. Wie kann man nur grün wählen unfassbar.,0,2026-03-09 19:51:31+00:00,toxic,2026-03
dUag-RGvDlQ,"Özi brigt den fast gratissrom.
Alle länder wollen blapperstom.
Blapperstom ist dreck billig. Sonne und  wind machen gratis strom.
Bapperstrom alleine geht nicht gas macht strom.
Blapperstom und gas haben deutsche erfunden.
Strom aus gas.
Eiene  supererfindung.
Deutsche sind hoch überägen. Können einfach aus gas strom machen.
Wir kaufen noch atomstrom aus frankreich.
Kann man eine gas/stom maschine bei euch kaufen
Mit gas stom machen wollen alle schon immer.
Deuutsche können mit gas strom machen. 
Alle sagten ihr habt nur blapperstrom sau teuer.",0,2026-03-09 19:23:51+00:00,toxic,2026-03
dUag-RGvDlQ,"Wie meinen Sie, wer tut noch grün wählen😢😢😢",0,2026-03-09 19:22:40+00:00,neutral,2026-03
dUag-RGvDlQ,"Harbeck und Bärbock weg 
Und jetzt  kommt der nächste Grüne so ein Desaster man kann es nicht glauben. Es wird immer schlimmer 😭 😢 😭",0,2026-03-09 18:34:29+00:00,toxic,2026-03
dUag-RGvDlQ,Für die Verlierer ist das IMMER  Wahlbetrug!  Ein Verlierer braucht Anstand und Würde und das hat der Pöbel nicht. 😢😢😢,0,2026-03-09 18:33:00+00:00,toxic,2026-03
dUag-RGvDlQ,WAHLBETRUG WAHLBETRUG WAHLBETRUG,0,2026-03-09 17:46:28+00:00,toxic,2026-03
dUag-RGvDlQ,Die Grünen wo fast keiner will was sie gemacht haben Habeck und Barebock Verbrochen haben in Deutschland und so ein Ergebnis,0,2026-03-09 17:44:33+00:00,toxic,2026-03
dUag-RGvDlQ,Wahlbetrug gibt's nicht in Deutschland. Die oberen habens vielleicht abgemacht wer wo regiert. Und wir hatten doch die Wahl.,0,2026-03-09 16:34:02+00:00,toxic,2026-03
dUag-RGvDlQ,"es werden im Internet Bilder gezeigt, wo grüne Wahlbilder in den Wahlkabinen gezeigt werden, wo die Kreuze mit Bleistiften gemacht werden mussten.
Bleistifte kann man ja wieder wegradieren. Kugelschreiber-Kreuze nicht !!!
Deutschland ist endgültig verloren !!!!


----",0,2026-03-09 14:46:03+00:00,toxic,2026-03
dUag-RGvDlQ,Alles ist nur noch Verarsche . Wahlklamauk und Partystimmung danach wird die Auszählung der Stimmen demokratisiert .,0,2026-03-09 14:21:28+00:00,toxic,2026-03
dUag-RGvDlQ,👍 Wahlbetrug,0,2026-03-09 14:20:46+00:00,neutral,2026-03
dUag-RGvDlQ,Wahlalter bei 16 und die Backen gespreizt für Moslems .... Sowas kommt von sowas,0,2026-03-09 13:22:32+00:00,toxic,2026-03
dUag-RGvDlQ,Die beiden sind gleich allerdings unter 5%.,0,2026-03-09 12:55:51+00:00,neutral,2026-03
dUag-RGvDlQ,"Das kann sich ja nur Wahlbetrug handeln,so blöd kann doch keiner sein!!!",0,2026-03-09 12:29:17+00:00,toxic,2026-03
dUag-RGvDlQ,"Die machen es so wie es ihnen passt, hatten wir beim letzten Mal auch schon. Betrug!",0,2026-03-09 11:59:55+00:00,toxic,2026-03
dUag-RGvDlQ,"Erspare  uns euer ständiges AFD --Luegegeblabbre  , euer Widerwertiden HASSPREDIGTEN.....glaubt  dieser Verlogenen ......Kein Wort , sie vorgestrig ....,",1,2026-03-09 11:48:17+00:00,toxic,2026-03
dUag-RGvDlQ,"Warum wählen fast 30 % einen ungebildeten Schnösel, der den Treibhauseffekt nicht verstanden hat?",0,2026-03-09 11:24:37+00:00,toxic,2026-03
dUag-RGvDlQ,alles betrüger das ist nicht mit rechten dingen zugegangen,0,2026-03-09 11:21:56+00:00,toxic,2026-03
dUag-RGvDlQ,Jetzt sucht die AFD schon wieder in den Krümeln. Das ist vielleicht ein armseliger Haufen,0,2026-03-09 11:17:34+00:00,toxic,2026-03
dUag-RGvDlQ,Zu viele Dummköpfe in den Parteien und im ganzen Land und diese Blindgänger erlassen Gesetze. Man darf  nicht darüber nachdenken was in Deutschland alles möglich ist.,0,2026-03-09 11:13:06+00:00,toxic,2026-03
dUag-RGvDlQ,"Das ist doch quatch
Eine chanc wäre auch gut.
Aber nur eine",0,2026-03-09 11:08:27+00:00,neutral,2026-03
dUag-RGvDlQ,Davon ist auszugehen,0,2026-03-09 10:41:32+00:00,neutral,2026-03
dUag-RGvDlQ,Warum gehen wir noch wählen wenn von vornerein betrogen wird😮,0,2026-03-09 10:35:46+00:00,toxic,2026-03
dUag-RGvDlQ,So ein Assikanal!!!,0,2026-03-09 10:18:34+00:00,toxic,2026-03
dUag-RGvDlQ,"ist doch komisch, dass sie so hohe Prozente erreicht haben. Haben Zweifel bei der Auszählung.",0,2026-03-09 10:02:46+00:00,toxic,2026-03
dUag-RGvDlQ,"😂BDW Wahl stimmt was.nicht 
Neu Wahlen 😂",0,2026-03-09 09:50:37+00:00,neutral,2026-03
dUag-RGvDlQ,Was geht hier ab in BW?,0,2026-03-09 09:36:50+00:00,neutral,2026-03
dUag-RGvDlQ,"Wenn die linksgrüne Altenheimleitung die Wahlunterlagen selber ausfüllt um ihre staatl. Fördergelder zu sichern 🤔

Briefwahl wenn irgend möglich vermeiden!!",0,2026-03-09 09:36:48+00:00,toxic,2026-03
dUag-RGvDlQ,Frohnmeier war gar nicht auf der Wahliste hier in Heubach!,0,2026-03-09 09:36:17+00:00,toxic,2026-03
dUag-RGvDlQ,Frohnmeier war gar nicht auf der Wahliste hier in Heubach!,1,2026-03-09 09:35:29+00:00,toxic,2026-03
dUag-RGvDlQ,"Bolz hat auch schon mal Probleme, wie ich feststellen durfte. Für mich kein Geist, der einen Überblick hat. Eine Meinung, aber nicht mehr.",0,2026-03-09 09:18:01+00:00,toxic,2026-03
dUag-RGvDlQ,Nochmals wählen aber die Stimmen gut bewachen vor den Politiker Grünen,0,2026-03-09 09:12:56+00:00,toxic,2026-03
dUag-RGvDlQ,"Was erwartet ihr denn von Leuten,die in der Grundschule nicht mal die Sommerferien bestanden haben ? 🤷🏻‍♂️🤷🏻‍♂️🤷🏻‍♂️",0,2026-03-09 08:54:17+00:00,neutral,2026-03
dUag-RGvDlQ,Zitat Alice Weidel: *Wir werden von Trotteln regiert* Zitat Ende....🤔,0,2026-03-09 08:53:00+00:00,toxic,2026-03
dUag-RGvDlQ,Glückwunsch Özdemir! AfDler sind schlechte Verlierer...,0,2026-03-09 08:44:56+00:00,toxic,2026-03
dUag-RGvDlQ,Amerikaner haben geholfen  zum wal Betrug,0,2026-03-09 08:44:27+00:00,neutral,2026-03
dUag-RGvDlQ,Welcher kpl Vollidiot wählt die Grünen ? und CDU ist auch nicht besser .,0,2026-03-09 08:42:47+00:00,toxic,2026-03
dUag-RGvDlQ,"Sie haben ganz einfach wieder betrogen, das wussten wir doch alle schon vor der Wahl. Warum legen sie Bleistifte hin 😅 Weg mit den Altparteien und Kriegstreibern, nur noch AFD und Alice Weidel als unsere Bundeskanzlerin für Deutschland ❤❤❤",0,2026-03-09 08:36:15+00:00,toxic,2026-03
dUag-RGvDlQ,"Auch diesmal steht der Wahlbetrug in großen Lettern über dieser Wahl !

Die GRÜNE Pest hat Deutschland dahin gebracht wo sie heute steht !
Deutschland steht am Rande des Abgrundes, mit den 
Altparteien (CDU/CSU, FDP, BÜNDNIS 90/DIE GRÜNEN , DIE LINKE, SPD) geht es einen Schritt weiter !

Der Deutsche Wähler hat wenig bis NICHTS hinzu gelernt !
NUR Narren, Dumme und Reiche wählen heute noch eine dieser Parteien !

CDU/CSU, FDP, BÜNDNIS 90/DIE GRÜNEN , DIE LINKE, SPD !",0,2026-03-09 08:30:19+00:00,toxic,2026-03
dUag-RGvDlQ,Wer hat denn die Grünen und die CDU/CSU gewählt das waren nicht die Wähler von der AFD !,0,2026-03-09 08:24:35+00:00,toxic,2026-03
dUag-RGvDlQ,Baden Würtenberg braucht jetzt nach der Landtagswahl nicht rumjammern ihr habt auf der AFD nicht gehört selbst schuld !,0,2026-03-09 08:21:46+00:00,toxic,2026-03
dUag-RGvDlQ,"man muss sicher vorsichtig sein wenn man von Wahlbetrug spricht aber ich kann mir wirklich nicht vorstellen das die 
BaWü Wähler so dumm sind die Grünen zu Wahl Siegern zu machen, die haben doch gesehen wo grüne Politik 
unter Kretschmann hin führt.
warten wir mal ab was jetzt bei den Landtagswahlen im Osten passiert denn hier liegt die AfD schon uneinholbar auf 
Platz 1 sollte es da zu ähnlichen Verschiebungen kommen kann man offen von Wahlbetrug sprechen.",1,2026-03-09 08:19:03+00:00,toxic,2026-03
dUag-RGvDlQ,"Ihr wollt einen Facharbeiter ihr wollt Facharbeiter. Ich bin einer mit über 30 Jahre Berufserfahrung und ich werde meine Koffer packen von diesem Land Deutschland auswandern 
Die, wo das Land zerstört haben, werden wieder gewählt",0,2026-03-09 08:15:00+00:00,toxic,2026-03
dUag-RGvDlQ,"Was soll das denn werden,lügen die Grünen besser als die Schwarzen(CDU).?",0,2026-03-09 08:13:05+00:00,toxic,2026-03
dUag-RGvDlQ,Wahlmanipulation und Wahlbetrug haben in Deutschland auch schon eine lange Geschichte 😢🤡🤪,0,2026-03-09 07:53:02+00:00,toxic,2026-03
dUag-RGvDlQ,"Ein Verbot , das Demente aus Wahlen ausschließt ist dringend geboten!",0,2026-03-09 07:49:31+00:00,toxic,2026-03
dUag-RGvDlQ,Hagel ist grüner als Özdemir 😂,0,2026-03-09 07:46:30+00:00,toxic,2026-03
dUag-RGvDlQ,"Wahlbetrug gegenüber der AFD garantiert.
Möchte gerne wissen wieviele Stimmen da unterschlagen wurden.",0,2026-03-09 07:45:22+00:00,toxic,2026-03
dUag-RGvDlQ,Manipulation  So verblödet kann doch allen Ernstes das Volk nicht sein oder ????,0,2026-03-09 07:34:06+00:00,toxic,2026-03
dUag-RGvDlQ,Wahlbetrug in relevantem Umfang halte ich für unwahrscheinlich. Ist auch gar nicht notwendig. Die Bürger werden doch täglich von der Tagesschau bestrahlt. Das reicht völlig für die Verblödung 🤷‍♂️,0,2026-03-09 07:28:47+00:00,toxic,2026-03
dUag-RGvDlQ,Verdummung ob CDU oder Grünen denkt an Kanonenfutter.,0,2026-03-09 07:10:00+00:00,toxic,2026-03
dUag-RGvDlQ,"Herr Frohnmaier hat signalisiert, dass er selbst kein Interesse hat. Was erzählen Sie da für Märchen???",0,2026-03-09 07:04:53+00:00,neutral,2026-03
dUag-RGvDlQ,"Die Deutschen gehen wählen.🤢🤮🤧
""Es ist verständlich, dass sich bei vielen das Gefühl breitmacht, es würde sich trotz Wahlen kaum etwas Grundlegendes ändern. Politische Trägheit und festgefahrene Strukturen können frustrierend wirken.",0,2026-03-09 07:02:41+00:00,toxic,2026-03
dUag-RGvDlQ,"Ich bin aus Stuttgart, Ich kenne keinen einzigen der noch die Altparteien wählen würde. Gut Stuttgart ist nicht ganz BW. Ich hatte schon ein komisches Gefühl als ich beim Wählen diese NGO-Tanten gesehen hab. Auf jeden Fall stinkt dieses Wahlergebnis gewaltig. Wer Wählt Betrug und Krieg? Gerade hier Bei Mercedes, Porsche und Bosch, ist denen nicht klar das sie ihren Job und damit auch ihr finanziertes Haus verlieren? Na gut sie können auf Kriegsproduktion umstellen ...",0,2026-03-09 06:40:45+00:00,toxic,2026-03
dUag-RGvDlQ,"Die wahl ist Bulschitt ü30% Grüne wer es glaubt wird Selig,,ich Wähl doch nicht nochmal die gleiche Partei die unser Land und die industrie gegen die Wand Fährt,wie blöde sind dennn die Leute da bitteschön,,,ich kann nur sagen ,mein beileid.😮😢",1,2026-03-09 06:38:29+00:00,toxic,2026-03
dUag-RGvDlQ,"Wahlbetrug? Das wird auch langsam ein Narrativ, das alle glauben sollen.Hm. Überlegt bitte mal, dass das alles evtl. schon festgelegt ist, und aus einer ganz mächtigen Ecke kommt.  Klingelts?",0,2026-03-09 06:27:57+00:00,toxic,2026-03
dUag-RGvDlQ,Ist doch klar wie Kloßbrühe ohne Betrug können die Altparteien nichts erreichen. Sie haben Angst die Macht zu verlieren. Schande den Altparteien nur noch AFD. Es lebe Alice.,0,2026-03-09 06:23:59+00:00,toxic,2026-03
dUag-RGvDlQ,"Seit Jahren herschen Wahl Betrüger, da ist unsere Justiz nich in der Lage gegen Betrüger vor zu gehn. Die wollen nicht, weil da auch solche Leute sitzen die nur um ihr Macht kämpfen. Es ist Sauerei pur.",0,2026-03-09 06:16:35+00:00,toxic,2026-03
dUag-RGvDlQ,jetzt sind wir am ENDE DEUTSCHLAND ade,0,2026-03-09 06:03:08+00:00,neutral,2026-03
dUag-RGvDlQ,"Das kann ich mir bei diesem ""LINKEN"" Pack sehr gut vorstellen!!",0,2026-03-09 05:39:05+00:00,toxic,2026-03
dUag-RGvDlQ,"Falsch ,nur ihr sprecht immer von Wahlbetrug.",1,2026-03-09 05:32:45+00:00,neutral,2026-03
dUag-RGvDlQ,"So einer will dann auch noch gewählt werden, dümmer geht's wirklich nicht mehr.",0,2026-03-09 05:26:38+00:00,toxic,2026-03
dUag-RGvDlQ,Die grünen haben keine sau gewählt... Sogar die Bauern wählen afd...jeder hat die Schnauze voll von dieser Politik und genau deshalb wählen viele NICHT DIE GRÜNEN... Das stinkt zum Himmel und ich hoffe die Afd bohrt da nach...,3,2026-03-09 04:52:37+00:00,toxic,2026-03
dUag-RGvDlQ,Moin Gemeinde! Ich hab die Schnauze voll!!!!!,0,2026-03-09 04:45:39+00:00,toxic,2026-03
dUag-RGvDlQ,Deutlich Wahlbetrug...so dumm kann keiner sein und Grün wählen,0,2026-03-09 04:43:35+00:00,toxic,2026-03
dUag-RGvDlQ,"Bestimmt würden die Wahlzettel dreimal umgedreht, bis das passende Ergebnis kam.",1,2026-03-09 04:28:26+00:00,toxic,2026-03
dUag-RGvDlQ,"Das Ergebnis kann nicht wahr sein, passend gemacht.",2,2026-03-09 04:16:31+00:00,neutral,2026-03
dUag-RGvDlQ,"Bei den ""Alt-Parteien"" ist Betrug an der Tagesordnung!",0,2026-03-09 04:15:35+00:00,toxic,2026-03
dUag-RGvDlQ,Das war wahjbetrug . Denn ich kenne nur Afad Wähler. Soviiele Deppen gibt's nicht die Grüne wählen. Was für Idioten,0,2026-03-09 04:08:55+00:00,toxic,2026-03
dUag-RGvDlQ,Treibhausgas Alter Schwede mei Bio Lehrer hätte denn rausgeworfen und wenn er noch mit Klimawandel da wäre es eskaliert er hätte ihn mal erklärt was Wetterzyklen die es im Austausch immer kommen !,0,2026-03-09 03:53:15+00:00,toxic,2026-03
dUag-RGvDlQ,"Eindeutig Wahlbetrug weil am 5.3.sah alles anders aus und sorry plötzlich gewinnt Grüne um fast 20% also bitte wer das glaubt nee echt , und Grün wer wählt die noch sogar in BW !",0,2026-03-09 03:51:11+00:00,toxic,2026-03
dUag-RGvDlQ,"Wahlbetrug bzw. Wahlmanipulation ist nicht neu,das gab es schon immer in Deutschland,icb kenne es nicht anders.",0,2026-03-09 03:40:35+00:00,toxic,2026-03
dUag-RGvDlQ,"Wahlbeteug war es schon immer, alles unter Kontrolle von der Oligarchie und ihr glaubt an dieses Pseudopolitisches System, das euch wie ein Gegenstand, eine Sache behandelt, das ist nämlich die Juristische Person, eine Fiktion, gleicht eine Toterklärung. Dabei sind wir Geistige Göttliche LEBENDIGE WESEN und besitzen unverhandelbare Menschenrechte die vom System missachtet und missbraucht werden. Das muss Enden",0,2026-03-09 02:55:45+00:00,toxic,2026-03
dUag-RGvDlQ,das war doch von Anfang an klar ich mein ---> GRÜNE???? wer noch klar bei verstand ist wählt sowas nicht!,0,2026-03-09 02:40:28+00:00,toxic,2026-03
dUag-RGvDlQ,"+++++++++++++++++++++++++++++++++++++++++++++
Baden-Württemberg : so wird es ganz bald aussehen.
Julia im Exil: Stuttgart 2045 klimaneutral
https://www.youtube.com/watch?v=5t_aNLwb13U
+++++++++++++++++++++++++++++++++++++++++++",1,2026-03-09 02:34:59+00:00,toxic,2026-03
dUag-RGvDlQ,Man muss nicht in der Schule gewesen sein um Politiker zu sein.,0,2026-03-09 01:57:11+00:00,neutral,2026-03
dUag-RGvDlQ,Wahlbeschiss 150 Prozent ist doch offensichtlich 30 Prozent  bei denen Spritpreise n DDR 2.0,0,2026-03-09 01:55:27+00:00,toxic,2026-03
dUag-RGvDlQ,voll Verhagelt,0,2026-03-09 01:50:16+00:00,neutral,2026-03
dUag-RGvDlQ,ES WIRD NUR NOCH GELOGEN UND BETROGEN,0,2026-03-09 00:41:03+00:00,toxic,2026-03
dUag-RGvDlQ,wer den oezdemir waehlt gehoert in ein irrenhaus,0,2026-03-09 00:19:07+00:00,toxic,2026-03
dUag-RGvDlQ,"schade, dass die badener so dumm geworden sind.",0,2026-03-09 00:17:00+00:00,toxic,2026-03
dUag-RGvDlQ,Alles nur getürkt.,0,2026-03-09 00:10:34+00:00,neutral,2026-03
dUag-RGvDlQ,Betrug,0,2026-03-08 22:55:27+00:00,neutral,2026-03
dUag-RGvDlQ,Das wußten wir doch schon lange vor der Wahl! es werden wieder Idioten regieren!,0,2026-03-08 22:49:55+00:00,toxic,2026-03
dUag-RGvDlQ,WAHLBETRUG gehört zu Deutschlands DNA   ,0,2026-03-08 22:24:11+00:00,toxic,2026-03
dUag-RGvDlQ,Da war wieder Wahl Betrug,0,2026-03-08 22:14:27+00:00,neutral,2026-03
dUag-RGvDlQ,"WAHLBETRUG 100% 
P.S. Nur noch 💙 AfD 💙 🇩🇪 ❤",0,2026-03-08 22:09:35+00:00,toxic,2026-03
dUag-RGvDlQ,Ich kann den Typ weder sehen noch hören. Diese Arroganz. 100 % Wahlbetrug.,0,2026-03-08 21:48:54+00:00,toxic,2026-03
dUag-RGvDlQ,"Jetzt wird das Land mit dieser Wahl erst recht an die Wand gefahren. Gratulation an die Deppen, die so gewählt haben. Ihr werdet das noch bitter bereuen.",0,2026-03-08 21:35:49+00:00,toxic,2026-03
dUag-RGvDlQ,"Armes Deutschland was Merkel weiter ruiniert. Es tut so weh,daß die Menschen diese Vernichter Deutschland, noch wählen.",0,2026-03-08 21:26:43+00:00,toxic,2026-03
dUag-RGvDlQ,"Der Typ hat von nix ne Ahnung, schade!",0,2026-03-08 21:22:46+00:00,toxic,2026-03
dUag-RGvDlQ,"Sie sagt: ""Wunderbar, bin beeindruckt"" !!!! WTFFAAAHH.... Wenn das der Wissenstand einer Lehrkraft ist, die Kindern ""Wissen"" vermittelt, dann ist es kein Wunder, dass wir uns zum Idiotenvolk entwickeln.
Naja ansonsten, wenn die Leute nicht als Wahlbeobachter sich zur Verfügung stellen, dann müssen sie damit rechnen verarscht zu werden.",0,2026-03-08 21:06:06+00:00,toxic,2026-03
dUag-RGvDlQ,"Ich glaube, so bescheuert sind die Wähler nicht. Für dieses Ergebnis gab es Null Argumente. Da die Altparteien zusammenhalen, werden sie einen Weg gefunden haben, wie man das Ergebnis hinbekommt.",0,2026-03-08 21:03:28+00:00,toxic,2026-03
dUag-RGvDlQ,"Wer wählt denn die Grünen. So bescheuert kann doch kei er sein. Wer wählt die CDU nach diesem desaströsen Jahr? Das passt nicht zusammen. Ich habe so viele Stimmen gehört, die AFD wählen wollten. Dieses Wahlergebnis ist absolut unrealistisch. Ich tippe auf Wahlbetrug zu 100%",0,2026-03-08 20:57:58+00:00,toxic,2026-03
dUag-RGvDlQ,es wird betrugen sonnst nicht wählen grüner die deutsche,0,2026-03-08 20:52:13+00:00,neutral,2026-03
dUag-RGvDlQ,"Die Grünen müssen  ausgelöscht werden  , für immer",0,2026-03-08 20:20:08+00:00,toxic,2026-03
dUag-RGvDlQ,"Die Wahl wurde manipuliert, weil man unmündige und lebensunerfahrene, von Lehrerschaft hirnmanipulierte Kinder zur Wahl zugelassen hat",0,2026-03-08 20:08:14+00:00,toxic,2026-03
dUag-RGvDlQ,EINFACH NUR NOCH ZUM KOTZEN 🤮😜😜😁😜😁,0,2026-03-08 19:49:16+00:00,toxic,2026-03
dUag-RGvDlQ,Wir sind am Arsch!!!!,1,2026-03-08 19:45:29+00:00,toxic,2026-03
dUag-RGvDlQ,"Hagel ist wirklich nicht der Hellste, aber da wird er mit Vorsatz reingelegt.
Mal nachfragen, was Özdemir zu dieser Frage von sich gibt.",0,2026-03-08 18:49:24+00:00,toxic,2026-03
Ws7ZZM_mD-M,"Ich hatte schon vor der Wahl gewarnt das jede Partei die zu den Wahlen zugelassen ist einen Wahlhelfer stellen
muss für jedes Wahllokal, den dann kann sowas nicht passieren, auch bei Briefwahl Aufzählung muss ein Wahlhelfer 
von jeder Partei dabei sein. Den dann kann keiner Bertrügen und Stimmen vernichten oder falsch Einordnen.
Aber man Redet ja in Deutschland nur mit der Wand da hat die AfD leider mit schuld das so was wie Wahlbetrug zu Ihren 
Nachteil, den die Altparteien kann man nicht vertrauen.",0,2025-11-05 20:12:24+00:00,toxic,2025-11
Ws7ZZM_mD-M,Betrug steht in Deutschland an 1.stelle,0,2025-11-05 12:41:18+00:00,neutral,2025-11
Ws7ZZM_mD-M,Damit hatten ja auch die Hitlerschergen schon Erfolg. Unter Kanzler Hitler Nachfolger Merz geht es weiter.,1,2025-11-04 15:45:08+00:00,toxic,2025-11
Ws7ZZM_mD-M,"Wo ist die Ehrlichkeit und der Anstand geblieben, die Moral und der Respekt gegenüber dem Volk.",3,2025-11-04 12:24:10+00:00,toxic,2025-11
Ws7ZZM_mD-M,Wahlbetrug hat immer System. Das gab es in Deutschland noch nie.,4,2025-11-02 22:22:06+00:00,neutral,2025-11
Ws7ZZM_mD-M,Deutschland ist ein Lüge und betrüge Verein unsere deutschen Politiker die größten Lügner auf der kompletten Welt nur weil sie die Macht erhalten wollen das ist ja wie bei 33 da wurde die macht auch einfach so genommen aber die Engländer haben den Krieg angefangen weil sie den Frieden nicht wollten,1,2025-11-02 18:58:12+00:00,toxic,2025-11
Ws7ZZM_mD-M,Altparteien Normalität. Machtgeilheit ist doch Super,4,2025-11-02 15:34:13+00:00,toxic,2025-11
Ws7ZZM_mD-M,Wer GLAUBT noch an das war ein VERSEHEN?? Diesen Altparteien traue ich alles zu nur nichts gutes.,6,2025-11-02 11:27:42+00:00,toxic,2025-11
Ws7ZZM_mD-M,Wahlbetrüger sofort in den Knast.,2,2025-11-02 11:13:33+00:00,toxic,2025-11
InGw3VtLx4A,Bei jeder Wahl in D wird betrogen. Das ist nichts Neues. Wir leben in einer Scheindemokratie.,2,2025-11-23 18:10:07+00:00,toxic,2025-11
InGw3VtLx4A,"Wer Wahlbetrug macht, gehört vor Gericht. Diese Leute müssen hart bestraft werden. Das ist Betrug am deutschen Volk.",3,2025-11-17 08:27:52+00:00,toxic,2025-11
InGw3VtLx4A,Danke für das aufdecken des Skandals,2,2025-11-10 18:52:07+00:00,neutral,2025-11
InGw3VtLx4A,"Das ist doch ein Fake-Video.
Warum sollte man so eine Straftat filmen?
Reg Dich doch ab. Die haben das Video nur gemacht, damit sie vom tatsächlichen Wahlbetrug ablenken können indem sie sich über Dich und die anderen die sich darüber aufregen, lächerlich machen können.",0,2025-02-27 04:47:03+00:00,toxic,2025-02
i6xlqV42vRQ,In der DDR war es genau so mit dem Wahlbetrug,0,2025-11-11 06:32:39+00:00,neutral,2025-11
i6xlqV42vRQ,Und wie kann sich die AfD schutzen in 2026 ?,0,2025-11-09 14:20:10+00:00,toxic,2025-11
i6xlqV42vRQ,"Das ist genau das, was ich seit Merkel's Zeiten bereits sage!
Das gesamte System macht Wahlbetrug so was von einfach, besonders die Briefwahl! 
Dann kommst Du ins Wahllokal und du siehst stapelweise Wahlformulare, die m.E. niemals alle gebraucht werden! Das macht es aber umso einfacher, unliebsame Wahlzettel einfach gegen ""passende"" auszutauschen! 
Da dürften nicht _mehr_ Wahlzettel liegen, als es eingetragene Wähler gibt! Verschrieben? Pech gehabt, ungültig! Wenn alle Wähler im Wählerverzeichnis ihre Anwesenheit per Unterschrift bestätigen und alle Unterlagen, inkl. der nicht benötigten, gezählt werden, muss die Anzahl der Formulare, abgeglichen mit dem Wählerverzeichnis, mit der ursprünglichen Zahl übereinstimmen! Ansonsten Neuwahl!",0,2025-11-09 14:03:09+00:00,toxic,2025-11
i6xlqV42vRQ,"diese unfähigen Wahlsysteme machen es möglich und sind nicht kontrollierbar !.Jedes elektronische Lotto registriersystem ist besser und sicherer,ankreuzen und einlesen,wird zentral Computergespeichert !.Somit bräuchte man noch nicht mal gesonderte Wahleinrichtungen,jeder Lottoladen Kiosk könnte die Wahlscheine einlesen lassen u.diese Geschäfte sind teilweise
Kameraüberwacht !.So einfach könnte es sein,doch das will man nicht,wäre ja viel zu einfach und zu billig !.",0,2025-11-09 11:42:20+00:00,toxic,2025-11
i6xlqV42vRQ,💙💙💙💙💯💯💯💯,0,2025-11-07 05:38:49+00:00,neutral,2025-11
i6xlqV42vRQ,"Staatlich gewollter Betrug. Wer
sind die Schuldigen.",0,2025-11-07 03:20:36+00:00,neutral,2025-11
i6xlqV42vRQ,Die schuldigen Wahlhelfer gehoeren gehaengt. Es ist das schlimmsre Verbrechen gegen die Demokratie.,0,2025-11-07 03:18:08+00:00,toxic,2025-11
i6xlqV42vRQ,"Man muss sich die Menschen nur mal anschauen, die da die Wahlzettel verteilen und den Ausweis anschauen. Mit etwas Menschenkenntnis erkennt man teilweise schon die ""Autoverkäufer"" 😉",0,2025-11-06 09:45:44+00:00,toxic,2025-11
i6xlqV42vRQ,"Wahlbetrug ist nicht möglich, es ist gängige Praxis. Leider kann man es nur schwer beweisen, denn wenn man was vertauscht ... irren ist ja menschlich.  Ich finde es ja schon eigenartig, dass man zu 18 Uhr schon vorläufige Ergebnisse hat, welche ziemlich nah am Endergebnis sind! Es ist nichts anderes wie in der DDR ... wir wussten, dass sie betrügen! Warum macht man das ganze nicht elektronisch? In jede Kabine einen Rechner, die OHNE Internetanschluss verbunden sind und niemand muss zählen und diese Daten werden dann übermittelt. Über das Internet geht es mit Ausweis, wer es nicht kann, hat halt Pech und muss ins Wahllokal. Nächster Vorteil, ich spare Kosten, Porto, Papier ... wie machst Du Deine Steuererklärung, überall in den Behörden geht das, nur bei der Wahl nicht ... warum die Möglichkeit des Betruges einschränken? Und ich bin mir sicher, dass die Leute an der Macht dort Leute einschleusen, die für sie 'arbeiten'! Man sieht es ja immer wieder und das ist nur die Spitze des Eisberges!",0,2025-11-06 06:38:37+00:00,toxic,2025-11
i6xlqV42vRQ,"Es gibt sehr viele Möglichkeiten des Wahlbetrug es. 
Einige sind ja schon aufgedeckt indem man einfach die Stimmen einer Partei einer anderen zu zählt, wann geht in altenheime und mach das Kreuz für diejenigen die das selber nicht mehr können. Natürlich kommt das Kreuz dorthin wo der Helfer es haben will im schlimmsten Falle. 
Dann wird einfach eine Partei komplett ausgeschlossen bei einer Wahl durch den Wahlausschuss. 
Sollte es zu Unregelmäßigkeiten gekommen sein und man reicht eine Klage ein so wie das BSW das gemacht hat dann kommt die hinhaltetaktik ist es denn irgendwann heißt ach weil es sind eh wieder neue Wahlen jetzt brauchen wir da auch nicht mehr drauf gucken. 
Zur Not werden auch noch Gesetze geändert denn um den machterhalt zu sichern sind die Altparteien sehr erfinderisch und es ist ihnen auch egal wenn man illegale Mittel dafür benutzt.",0,2025-11-06 05:51:23+00:00,toxic,2025-11
i6xlqV42vRQ,Als Wahlhelfer einen Sonntag zu opfern ist ja auch unbequem...aber für einen Neuanfang extrem wichtig. BRINGT EUCH EIN...und wir haben wiedet reelle Wahlergebnisse...,1,2025-11-05 21:44:21+00:00,toxic,2025-11
i6xlqV42vRQ,Die Stimmen werden nach Bedarf angepasst. Im grösser der Wahlbezirk desto mehr Schwindel.,0,2025-11-05 11:48:51+00:00,toxic,2025-11
i6xlqV42vRQ,Dummschwätzer.  Anzeigen müsste man so ein Gelaber.,0,2025-11-05 11:41:52+00:00,toxic,2025-11
i6xlqV42vRQ,"Das kann ich mir gut vorstellen, genau so wie sie die Antifa gegen die AFD hetzen  💙",0,2025-11-05 10:47:26+00:00,toxic,2025-11
i6xlqV42vRQ,"Wer nicht an Wahlbetrug in Deutschland glaubt, der glaubt noch an den Weihnachtsmann und hat einfach zuviel ÖRR Intus.",0,2025-11-05 07:53:39+00:00,toxic,2025-11
i6xlqV42vRQ,"Die Briefwahl ist das Einfalltor für massiven Wahlbetrug und wird von den SED Parteien intensiv genutzt. Die Briefwahl muss weg. - aber auch die Wahlhelfer und der Wahleiter nutzen alle Möglichkeiten zur Manipulation, so ist alles nur noch Beschiss.",0,2025-11-05 07:34:13+00:00,toxic,2025-11
i6xlqV42vRQ,Wahlbetrug müsste mit 5 Jahren Freiheitsstrafe bestraft werden....,0,2025-11-05 06:43:38+00:00,toxic,2025-11
i6xlqV42vRQ,das machen die schon seit Sleepy Biden das gemacht hat vermutlich,0,2025-11-05 05:40:25+00:00,neutral,2025-11
i6xlqV42vRQ,"Deutschland 😂ist sowas von koruppt,dieses Pack nimmt sich alles raus in ihrer Demokratie",0,2025-11-05 05:06:38+00:00,toxic,2025-11
i6xlqV42vRQ,"Zur Bundestagswahl 2025 gab es 299 Wahlkreise, diese Wahlkreise sind noch einmal in Wahlbezirke untergliedert und ein Wahlbezirk hat mindestens ein Wahllokal aber auch mehrere Wahllokale als weitere Untergliederung haben. ich habe versucht zu recherchieren, wieviele Wahlbezirke es gibt, das ist aber als Gesamtzahl nirgends erfasst. Die Google-KI gibt an, das die Anzahl der Wahlbezirke auf 80.000 - 90.000 Wahlbezirke geschätzt werden, die Anzahl der Wahllokale ist noch einmal höher, wenn man davon ausgeht, das es Wahlbezirke mit mehr als einem Wahllokal gibt.

Wer bei dieser Anzahl von Wahlhelfern, die übrigens alle freiwillige Bürger sind, glaubt, das es unter ihnen keine Wahlbetrüger gibt, der glaubt auch, das Zitronenfalter Zitronen falten!",0,2025-11-05 00:32:26+00:00,toxic,2025-11
i6xlqV42vRQ,"Wenn sich Wahlvorstand, Protokollanten und Auszähler in einem Wahllokal einig sind, dann ist dem Wahlbetrug Tor und Tür geöffnet. Es gab ja reichlich Fälle in denen Wahlbeobachter einfach daran gehindert wurden, sie Stimmauszählung ordnungsgemäß beobachten zu können. Berichte über solche Vorfälle gab es reichlich.",0,2025-11-04 23:57:36+00:00,toxic,2025-11
i6xlqV42vRQ,"Bestimmt! Die Vermutung habe ich schon lange. Die wollen ihre Futtertröge nicht los lassen. Die kämpfen darum und haben sich fest gebissen. Spätestens als Merkel eine demokratische Wahl rückgängig gemacht hat, haben sie gezeigt was sie von den Wahlen halten.",0,2025-11-04 23:30:09+00:00,toxic,2025-11
i6xlqV42vRQ,Unglaublich aber so leicht kann es gehen. NGO' New Gangster Organisation kennt jeden Trick die Bürger zu verarschen.,2,2025-11-04 22:44:41+00:00,toxic,2025-11
i6xlqV42vRQ,"In der Schweiz ist es sehr wohl so.
Reitschule und deren Freunde.",0,2025-11-04 22:17:31+00:00,toxic,2025-11
i6xlqV42vRQ,Komisch und sehr auffällig ist das die versehentlichen Fehler immer bei der AFD passieren ....,0,2025-11-04 21:34:08+00:00,toxic,2025-11
i6xlqV42vRQ,Bei der Briefwahl geht der Betrug ganz einfach da die Wahlzettel im Rathaus schon im Vorfeld geöffnet werden und dann entsprechend ungültig gemacht werden.  In den Alten und Pflegeheimen füllen die Pfleger den Wisch aus . Hab ich selber gesehen ....,1,2025-11-04 21:31:00+00:00,toxic,2025-11
i6xlqV42vRQ,Wahlbetrüger für zehn Jahre in den Knast !,0,2025-11-04 21:19:28+00:00,toxic,2025-11
i6xlqV42vRQ,"Die satanische 180 Grad Umkehr ist Weltmeister im Betrug und das seit mehr als 1000 Jahren, auf allen Ebenen und in allen Bereichen, gel ihr Sklaven, wann erkennt ihr das endlich!!!!!!!!!!! Waum gibt es denn in der Demokratie PARTEIEN - NUR WEIL HIER DER BETRUG GANZ EINFACH MÖGLICH IST: 🤡",0,2025-11-04 20:34:15+00:00,toxic,2025-11
i6xlqV42vRQ,"Die ""Blauen"" haben Verfolgungswahn.........😂😂😂😂😂",0,2025-11-04 19:44:05+00:00,toxic,2025-11
i6xlqV42vRQ,"... Wenn ein ""RECHTSSTAAT"", bezahlt von seinen Bürgern, nicht mehr in der Lage/in der Verfassung ist, seine KERN-Aufgaben zu erfüllen, dann wird es allerhöchste Zeit, - NEIN - zu sagen!!!‼️🇩🇪‼️",0,2025-11-04 18:45:55+00:00,toxic,2025-11
i6xlqV42vRQ,... Warum wohl wird die AfD so massiv bekämpft!?⁉️ (Wahlsieger schon längst!?),0,2025-11-04 18:43:47+00:00,toxic,2025-11
i6xlqV42vRQ,Hier ist die Hochburg für Betrug,0,2025-11-04 18:19:51+00:00,neutral,2025-11
i6xlqV42vRQ,"Unterstütze ich. Betrug überall und nicht erst seit gestern. Ich war Wahlbeobachter bei der letzten BTW. Von den Wahlhelfern war mir ein Wahlhelfer als CDU Mitglied bekannt, die anderen kannte ich nicht, aber die Wahlhelfer arbeiten öfter in dem Wahlbezirk zusammen, mein gewonnener Eindruck. Und Wahlbeobachter anwesend heißt nicht, dass nicht betrogen werden kann. In dem Video ist sehr gut zu erkennen, dass die Beobachter nicht stören dürfen, entfernt stehen und somit überhaupt nicht in der Lage sind, auch nur sporadisch, ein Blick auf die Wahlzettel zu werfen. Eigentlich müsste der Wahlbeobachter vom Öffnen des Wahllokals bis zum Ende der Auszählung anwesend sein. Ich persönlich habe mitbekommen, dass die manuell erstellte Strichliste eines Wahlhelfers am Ende nicht mit der Anzahl der abgegebenen Stimmzettel übereinstimmte. Der Unterschied lag im hohen 2stelligen Bereich",0,2025-11-04 18:19:27+00:00,toxic,2025-11
i6xlqV42vRQ,"""In der Politik passiert nichts zufällig. Wenn es doch passiert, war es so geplant."" Franklin Delano Roosevelt, 32. Präsident der Vereinigten Staaten. Gruß, Konny",3,2025-11-04 18:16:52+00:00,toxic,2025-11
i6xlqV42vRQ,Wer an dieses System glaubt ist verloren 😂,3,2025-11-04 17:56:06+00:00,neutral,2025-11
i6xlqV42vRQ,Hm....................Wer Angst hat tut Alles!!! ................................................''😎'',0,2025-11-04 17:53:37+00:00,toxic,2025-11
i6xlqV42vRQ,"Haben Sie schon mal bei irgend einer Aktion , die gegen die AfD gerichtet ist ,nach dem Warum gefragt ?
Wer hat was zu verlieren ?
Die Altparteien haben ihre Pfründe zu verlieren. Verdienen viel Geld aus dem Steuertopf. Wem hat die AfD je geschadet ? Keinem deutschen Bürger. Wann hat die AfD gelogen und warum ? Ich bewundere deren Ausdauer. Für mich gibt es bei einer wirklichen Reform nur eine Gruppe von Verlierern,das sind die Altparteien. Deren Mißstände würden ans Tageslicht gebracht. Hat jemand die Omas gegen rechts mal gefragt, inwieweit die AfD ihnen persöhnlich Schaden zugefügt hat. Niemand. Wahrscheinlich würden die noch nicht einmal begeifen wer sie eigentlich ständig belügt und betrügt. Sie zahlen fleißig ihre Steuern weiter und bekämpfen die Partei , die diesen Sumpf trocken legen will. Bei den Abgeordneten und Ministern verstehe ich den Kampf gegen die AfD. Die würden nämlich alle ihre Pfründe verlieren. Und die dummen Omas werden das nie begreifen. Schlau sind auch die junge linke Riege. Reichen das Geld weg nehmen und an die Faulen verteilen. Merkt denn keiner, daß die Politriege der linken auch nur ganz geschickt vom Steuertopf mit hohen Gehältern profitieren wollen. Was ist blos aus Deutschland geworden ?",3,2025-11-04 17:33:48+00:00,toxic,2025-11
i6xlqV42vRQ,Der Beschieß lauert überall .☝️,2,2025-11-04 17:19:13+00:00,toxic,2025-11
i6xlqV42vRQ,"Bin für Blockchain basierte Wahlen. Jeder bekommt ein einmal gültigen QR Code auf dem Wahlzettel. Manipulieren unmöglich. 
Hedera , chainlink und VeChain können sowas",0,2025-11-04 16:24:53+00:00,toxic,2025-11
i6xlqV42vRQ,"wenn ich Landtagswahl höre, dann denke ich immer an Ricarda breit, unseren LandtagsWAL in Person.
Egal, das mit wahlfälschung sehe ich schon seit Jahrzehnten als bestehendes Problem hier in diesem Land. Auch damals, als es noch Deutschland war. Ich traue dem nicht und bin sicher, daß es der Regierung schon immer möglich war, Wahlen zu ihren Gunsten zu beeinflussen. Heutzutage reicht nur noch ein Fingerschnippen vom Kartell und es ""rollen Köpfe"".",0,2025-11-04 16:12:23+00:00,toxic,2025-11
i6xlqV42vRQ,"Diese🦧 Inzucht von Links & Grünen, haben ins Klo gegriffen. 🦧
Der AFD Verbotsantrag fiel ins Klo.😂🤣☝️",0,2025-11-04 16:05:34+00:00,toxic,2025-11
i6xlqV42vRQ,"Nach alledem was man so erlebt hat, in diesem Land, würde ich es für ein Wunder halten, wenn es keinen Wahlbetrug gebe! Ebenso gehört die Manipulation der Wähler durch den ÖRR, auch zu diesem Thema!",5,2025-11-04 15:56:57+00:00,toxic,2025-11
i6xlqV42vRQ,Ausversehen passiert hier gar nichts! Bei der Auszählung wird mit Vorsatz und Absicht vorgegangen.,1,2025-11-04 15:50:52+00:00,toxic,2025-11
i6xlqV42vRQ,"Wer glaubt, dass die Wahlen in Deutschland korrekt ablaufen, ist mit dem Klammersack gepudert. Seht euch in den Wahllokalen die Gesichter der Wahlhelfer an, da gibt es genügend Kandidaten mit schlechtem Gewissen und unehrlichem Blick.",2,2025-11-04 15:47:35+00:00,toxic,2025-11
i6xlqV42vRQ,"Zum Zweck der Manipulation engeschleuste ""Wahlhelfer"" waren schon in den 80ern bei den Reps und der NPD üblich.",2,2025-11-04 15:35:39+00:00,toxic,2025-11
i6xlqV42vRQ,Die bescheissen überall und werden nicht bestraft Sauerei ist das wann wacht der Deutsche Michel auf ?? Bestimmt gar nicht.,0,2025-11-04 15:30:21+00:00,toxic,2025-11
i6xlqV42vRQ,Das Selbe mit der AFD !!! 🖕😎,2,2025-11-04 15:12:41+00:00,toxic,2025-11
i6xlqV42vRQ,"Eins muss man leider Gottes sagen: Die deutsche Bevölkerung hat nie realisiert, was Demokratie und Rechtstaat wirklich bedeutet und wie wichtig das im Leben jedes einzelnen Individuums ist und deshalb nie richtig schätzen gelernt, was es bedeutet, in einer rechtstaatlichen Demokratie leben zu dürfen. Sonst würden alleine schon beim leisen Verdacht des Wahlbetrugs oder des Rechtsbruch am nächsten Morgen, Land auf und Land ab, hier überall die Autoreifen und die Barrikaden auf den Straßen brennen!
Nein, es ist ihnen einfach egal!",0,2025-11-04 15:05:07+00:00,toxic,2025-11
i6xlqV42vRQ,"Es ist schon erschreckend was hier in unseren Land abgeht.

Überall egal wo Wahlen sind  ist es schon recht komisch  das immer nur von der AFD die Stimmzettel verschwinden  oder erst garnicht gezählt werden   der Verdacht bleibt  trotzdem bestehen...

Wahlbetrug auf höchsten Niveau  und das zu gunsten der Altparteien    was für eine Schande   und was für Kriminelle..

Es ist Zeit für einen Regierungswechsel und zwar nur mit der AFD an unserer Seite..
AFD für Frieden, Gerechtigkeit, Wohlstand, Sicherheit und Ordnung...
AFD für unsere Kinder und Enkelkinder  und zwar für ein Leben in Deutschland ohne Angst und Schrecken.",1,2025-11-04 14:58:24+00:00,toxic,2025-11
i6xlqV42vRQ,"Dieser Abschaum der Majestäten lässt sich seinen Steuergelder Futtertrog nicht wegnehmen.  Betrug,  Manipulation, kriminelle Mittel ect.",0,2025-11-04 14:50:13+00:00,toxic,2025-11
i6xlqV42vRQ,Es müssen doch von jeder Partei Wahlhelfer da sein .🐒Überlasse mein Konto auch nicht den Nachbar.,1,2025-11-04 14:42:30+00:00,toxic,2025-11
i6xlqV42vRQ,Seid 2015 ist Wahlbetrug an der Tagesordnung.Merkill und und und. ‼️‼️🤮🤮🤮🤮‼️‼️,6,2025-11-04 14:41:50+00:00,toxic,2025-11
i6xlqV42vRQ,Wir kennen Wahlbetrug in Osten. Es geht immer gegen AFD. Briefwahlen korrigieren immer die Ergebnisse für die Altparteien.,8,2025-11-04 14:26:52+00:00,toxic,2025-11
i6xlqV42vRQ,Das ist nichts neues. Wahlen sind nicht seit gestern Hand verlesenen! Alles nur Kurupzion. Nach denn Motto wehr gut schmiert der gut fährt. Oder glaubt Ihr wirklich das die Menschen solche Regierung gewählt haben. Dann glaubt ihr auch das ein Zitronenfalter Zitronen faltet. Heute wird alles dafür getan um sich an der Macht und am Futtertrug zu halten. Was geht Ihnen der willen der Bürger! Sie sitzen am Troch. Und wollen das auch nicht mehr hergeben. Um keinen Preis. Und sie werden auch keinen andren zulassen. An den gut bezahlte posten bekommt mann ja nicht wieder. Also tut mann alles das es so bleibt.,3,2025-11-04 14:20:46+00:00,toxic,2025-11
i6xlqV42vRQ,"Das ist ein extrem perverses und hochkriminelles System! Ich bin auch sicher, daß das schon lange so läuft!",8,2025-11-04 14:18:59+00:00,toxic,2025-11
i6xlqV42vRQ,"Wenn wundert es noch ? Bei den was hier abgeht ist klar ,das die nie mit offen Karten gespielt haben ! Die ganze Volksvertreter in Kalkutta an der Spree   sind so verlogen ,das ich den alles zu traue  im Namen unsere Demokratie  !😡",3,2025-11-04 14:12:04+00:00,toxic,2025-11
i6xlqV42vRQ,"Kein einziges Wort, glaub ich, denen!",8,2025-11-04 14:11:57+00:00,neutral,2025-11
i6xlqV42vRQ,Ich glaub schon lange an Wahlbetrug gegen die AfD !!,62,2025-11-04 14:01:46+00:00,toxic,2025-11
i6xlqV42vRQ,Doppelte Auszählung 1. Direkt in der Kabine in den  Schlitz zum elektronischen zählen und dann noch einmal per Hand. Dazu die Strafe für Wahlbetrug auf mindestens 1 Million Euro und zusätzlich mindestens 10 Jahre Knast.,16,2025-11-04 14:01:16+00:00,toxic,2025-11
i6xlqV42vRQ,"Leider ist das nicht nur ein Problem der Stadt, Kommunal oder Landeswahlen, sondern auch der Bundestagswahlen. Wenn Ihr jemand kennt der den Auszählungen Beiwohnt erfährt Ihr wie Ich, das Sie  über die Praktiken Nichts Absolut NICHTS bekannt geben dürfen. Ihr würdet alle sonst Eueren Anstand Verlieren.",2,2025-11-04 13:59:15+00:00,toxic,2025-11
i6xlqV42vRQ,Es sollte für solche Vorgänge keine knappen Fristen geben.,9,2025-11-04 13:57:10+00:00,neutral,2025-11
i6xlqV42vRQ,"Wenn man sich auf die Wahlergebnisse schon nicht mehr verlassen kann, dann brauchen wir von einer Demokratie gar nicht mehr reden.🤔",36,2025-11-04 13:56:37+00:00,toxic,2025-11
i6xlqV42vRQ,"Moin Dirk. Sofern ich richtig informiert bin und ich weiß das auch nur durch einen anderen Youtuber, haben alle Initiativen etc. pp., welche unsere jetzigen Deutschland Zerstörer in Berlin auf den Weg gebracht haben, auch bei einer rückwirkenden Annullierung der Wahl weiterhin Bestand. Da läßt sich scheinbar nix ändern. In diesem Sinne munter bleiben. Gruß aus Varel, Niedersachsen...",2,2025-11-04 13:49:28+00:00,toxic,2025-11
i6xlqV42vRQ,"Die dunkle Seite der Macht zieht alle Register!!
Das war schon in den beiden sozialistischen Diktaturen (braun rot....) so!
Toleranz war noch nie eine deutsche Erfindung 🤔🤬",3,2025-11-04 13:46:27+00:00,toxic,2025-11
i6xlqV42vRQ,"Könnte es sein, dass die ""so überparteiliche"" Bundestagspräsidentin gute Gründe hat, die Nachzählung der Bundestagswahlergebnisse um jeden Preis hinauszuzögern??? Ahnt sie die Folgen der Nachzählung???",43,2025-11-04 13:45:20+00:00,toxic,2025-11
pyXS4ytSIGY,"Nun, bei der Bundestagswahl wurden mal eben die Stimmen für das BSW dem Bündnis Deutschland zugeschrieben. Mit den Stimmen von Deutschen im Ausland, die behindert wurden und wahrscheinlich auch dem Stromausfall in Cotbus, wäre das BSW, denen nur 13000 Stimmen fehlten, wahrscheinlich über die 5 % Hürde gekommen, was eine andere Zusammensetzung der Bundesregierung erforderlich gemacht hätte. 
Ich glaube übrigens immer noch, dass wir die technischen Möglichkeiten hätten, die Wahl digital zu ermöglichen, um den menschlichen Fehler auszuschalten.",0,2025-03-07 13:15:18+00:00,toxic,2025-03
pyXS4ytSIGY,Bei Boxkämpfen wird vorher ausgemacht wer gewinnt! Mafiasystem!,0,2025-03-05 11:18:40+00:00,toxic,2025-03
pyXS4ytSIGY,"Übrigens, wenn man weiß, dass man die Menschen verarscht ist das nicht gut für Laib , Geist und Seele . 
Und dafür sich noch bezahlen lässt .
Ich glaube das nennt man Prostitution 😊😊😊😊",0,2025-03-02 14:08:57+00:00,toxic,2025-03
pyXS4ytSIGY,"Erzähl doch mal den deutschen wie man sie nur so derart verkaufen verraten und verarsch. kann wie bei der aktuellen Bundestagswahl, 
ich sage dir mal ein Geheimnis, die blauen hätten mit Abstand gewonnen........",0,2025-03-02 14:04:24+00:00,toxic,2025-03
pyXS4ytSIGY,Warum wird mir das jetzt vorgeschlagen?,0,2025-02-24 13:25:56+00:00,neutral,2025-02
pyXS4ytSIGY,Haben wir gestern doch gesehen das es möglich ist .Bin für Neuwahlen .,0,2025-02-24 11:07:54+00:00,neutral,2025-02
pyXS4ytSIGY,"Die Wahl in Deutschland soll gleich sein. Bei der gestrigen Wahl wurden etwa 35% der abgegebenen Stimmen wirkungslos: 15% durch die 5% Hürde, 20% durch die Brandmauer.

Mit Demokratie hat das eh nichts mehr zu tun!",2,2025-02-24 07:09:04+00:00,toxic,2025-02
pyXS4ytSIGY,"Pressemitteilung , Nr. 119/2023 , Datum: vom 19. Dezember 2023

Mit heute verkündetem Urteil hat der Zweite Senat des Bundesverfassungsgerichts die Wahl zum 20. Deutschen Bundestag über den Beschluss des Deutschen Bundestages vom 10. November 2022 hinausgehend in weiteren 31 Wahlbezirken des Landes Berlin sowie den zugehörigen Briefwahlbezirken für ungültig erklärt und eine Wiederholungswahl angeordnet. Zudem hat er den genannten Beschluss des Bundestages insoweit aufgehoben, als die Bundestagswahl in sieben Wahlbezirken und den damit verbundenen Briefwahlbezirken für ungültig erklärt wurde.

Die CDU/CSU-Bundestagsfraktion wendet sich mit ihrer Wahlprüfungsbeschwerde gegen den Beschluss des Bundestages vom 10. November 2022, mit dem dieser die Bundestagswahl 2021 in 431 Wahlbezirken in Berlin für ungültig erklärt und insoweit eine Wiederholungswahl angeordnet hat.",0,2025-02-23 09:31:04+00:00,toxic,2025-02
pyXS4ytSIGY,Brief Wahl da habe ich eine großartige Information für euch Schaut mal was die im Wahlbüro mit der Briefwahl machen  die Schreddern eure Zettel wenn ihr die AFD gewählt happt: https://www.youtube.com/watch?v=knAed3Mjt0w,0,2025-02-21 14:19:43+00:00,toxic,2025-02
pyXS4ytSIGY,100% alt Parteien in Deutschland werden dieses Jahr auch betrügen 😊,0,2025-01-28 18:41:58+00:00,toxic,2025-01
pyXS4ytSIGY,"Normalerweise finde ich die Beiträge auf diesem Kanal sehr gut, aber zu diesem Thema finde ich die Sendung ungenügend.
1) Wer möchte sich in seiner Gemeinde schon unbeliebt machen und deshalb die Auszählung der Stimmen überwachen und wieviele Bürger fänden zur Auszählungsüberwachung im Wahllokal schon Platz?
Dieses Möglichkeit ist sehr theoretisch und deshalb eine reine Nebelkerze!
2) Bei meiner letzten Wahl waren genau 3 Leute als Personal anwesend, die sich offensichtlich sehr gut kannten und meine Wahl mit prüfenden Blicken begleiteten, da ich in der Gemeinde nicht sehr bekannt bin und ich dachte mir, was würde passieren, wenn diese Leute den feierlichen Glaskasten nach meinem Verlassen des Wahllokals mal kurz lüften..........?!
3) Wie geht der Weg der Stimmen vom (dörflichen) Wahllokal weiter? Vom Rathaus zum Landratsamt telefonisch? Dann zur Bezirksregierung und dann zur Landesregierung oder zunächst gleich einmal ins Fernsehstudio, auch telefonisch?!
4) Welche echten Sicherungs-- und Kontrollmechanismen sind eingebaut, falls überhaupt welche existieren?
Davon ist nichts bekannt und im Beitrag wird nicht darauf eingegangen.
Dieser Beitrag besitzt keinerlei technische Schärfe und ist eher als Wohlfühlgeschwafel zu betrachten! 
Als Mindeststandard würde ich numerierte Wahlzettel fordern, notfalls auch mit Lücken, aber mit nachträglicher Überprüfungsmöglichkeit per Internet darauf, in welchem ""Topf"" die eigene Stimme gelandet ist.
Stichpunktartig, für jeden, der das Bedürfnis danach verspürt. 
Für die heutigen leistungsfähigen Computeranlagen dürfte so eine Aufgabe ja wohl kein Problem darstellen.
Oder existiert diese Möglichkeit am Ende schon und ist der Bevölkerung nur nicht bekannt?!",0,2024-09-23 10:24:11+00:00,toxic,2024-09
pyXS4ytSIGY,"Deutschland ist keine Demokratie, in vielerlei Hinsicht. Leider ist es in Österreich vermutlich auch nicht anders. Es sind einige Elemente der Demokratie nicht mehr vorhanden: So regiert eine Regierung seit Jahren als Minderheitsregierung das Land, die Presse ist absolut nicht frei und auch die Säulen der Demokratie, die Trennung der Legislative, Judikative und Exekutive ist ebenso nicht mehr vorhanden. Die Wahlen in Deutschland werden manipuliert und sind betrogen, Wahlbeobachter werden von den Zählungen oder Teilen der Zählungen ausgeschlossen, Wahlmanipulationen werden mit Faux pas wie ""Computerfehlern"" entschuldigt - das ist ein absoluter Skandal. Es geht nicht darum, welche Partei mehr Stimmen hat, es geht darum das dieses Land im Abstürzen ist.
Der Grund für diese ganze Diskussion ist der Einfluss der USA auf Deutschland. Alle Parteien, bis auf 2 wenige streben eine Normalisierung der Beziehungen zu Russland an und ein Ende des Ukraine-Krieges und der Waffenlieferungen. Eine der beiden Parteien hat ein großes Gewicht bei den Stimmen und das ist für die USA ein Problem. Die USA hat mit Ungarn und der Slowakei ein Problem bei ihrer Kriegsführung, sie hat schon mehrere Attentate auf die Premiers dieser Länder versucht. Das Problem ist, dass diese Länder sich dem Krieg nicht anschließen und auch keinen Waffentransit durch ihr Land führen wollen. Gibt es einen Regierungswechsel auch in Deutschland, so gibt es für die USA keine Möglichkeit mehr militärische Waffen per Land in die Ukraine zu versenden - das alles hat eine kriegsstrategisch wichtige Bedeutung. Demnach macht die USA alles um, einen Machtwechsel in Deutschland zu verhindern und das alte Regime so lang wie möglich weiter zu erhalten, inklusive massive Gelder für TV-Propaganda, Demos gegen Rechts-Finazierungen, Klimakleber, etc.
Wer über den Tellerrand blickt, erkennt den wahren Feind.",1,2024-09-03 13:47:03+00:00,toxic,2024-09
pyXS4ytSIGY,"Warum soll Verfärbung nicht möglich sein?

Man kann wählen wie und wen man will....

Aber....

Die Stimmzettel könnten in der langem Kette ständig vernichtet oder das Ergebnis geändert werden, wer sollte das nachprüfen können?

In einer Demokratie leben, bedeutet nicht, dass alles immer gerade läuft.

Ich wäre für offene Wahlen mit digitaler Nachvollziehbarkeit durch den Wähler selbst.

Wir sind doch in einer Demokratie und haben Meinungsfreiheit und das Recht auf Meinungsvielfalt und so.

Und niemand geht es was an, wen ich wähle. Auch den AG nicht. Auch das hat was mit Demokratie zu tun.

Öffentliche Behörden unparteiisch? Ja klar. Sieht man ja, wie um alles mir den Bürgern trotz eindeutiger Fakten mitunter juristisch gestritten wird.

Briefwahl? Geht auch über Mail. Geht doch sonst auch alles...

Geheim ist eine Sache, die man freiwillig aufgeben kann.",0,2024-08-15 20:41:35+00:00,toxic,2024-08
pyXS4ytSIGY,Wir beziehungsweise die Justiz  müssen es unmöglich machen bei Wahlen zu betrügen,0,2024-07-06 11:58:35+00:00,toxic,2024-07
pyXS4ytSIGY,Natürlich ist Betrug möglich!!!! hier mal wieder klare Desinformationen durch ÖRR Systemlinge,0,2024-06-16 15:26:06+00:00,toxic,2024-06
pyXS4ytSIGY,"Dazu müsste man erstmal erwähnen das die Wahl illegal ist,mfg.",0,2024-06-12 14:58:38+00:00,neutral,2024-06
pyXS4ytSIGY,Das ist Briefwahl! Nichts für mich und Leute die sich nicht ver..... lassen möchten. 😕  https://www.youtube.com/watch?v=bixiV9WKdc0,1,2024-05-26 08:46:51+00:00,toxic,2024-05
pyXS4ytSIGY,Ich habe Angst vor Wahlmanipulation!Man sieht es in Bayern!,0,2024-05-24 14:10:29+00:00,neutral,2024-05
pyXS4ytSIGY,Ich habe keine Wahlbenachrichtigung zur Europawahl erhalten! Wem ist das auch passiert? 😮,0,2024-05-14 10:06:38+00:00,neutral,2024-05
pyXS4ytSIGY,"der wiederholt einfach immer, was die BRD und ihre institutionen sagen und nennt das ""Wissen"" XD.""deutsche Gerichte"", ""unabhängige Experten""....wie naiv.",0,2024-05-07 12:08:34+00:00,toxic,2024-05
pyXS4ytSIGY,"😝🤣🤣🤣 Ihr wollt vor Gericht gehen?
Ihr könnt ja nicht mal Wählen 😅
👋",0,2024-01-25 17:38:26+00:00,toxic,2024-01
pyXS4ytSIGY,"Sehr geehrter Herr MrWissen2go,
Ihr Vortrag scheint zunächst neutral und richtig zu sein, aber Sie haben leider das Hauptproblem der Briefwahl nicht erfasst.
Bei der Bundestagswahl 2021 waren es schon 47% Briefwahl. Ihre Zahl ""1 Drittel"" stammt von der Bundestagswahl davor. Ich gehe davon aus, dass Sie diesen Beitrag kurz vor der BTW 2021 gemacht haben, soweit in Ordnung.
Das Hauptproblem der Briefwahl besteht nicht darin, dass einzelne Leute manipuliert und dann zu einer bestimmten Stimmabgabe gezwungen werden. Das mag vorkommen, ist aber total selten und damit so gut wie nicht relevant.
Das Hauptproblem besteht darin, dass die Wahlurne im Amt nicht von der Allgemeinheit bewacht werden kann. Somit ist es möglich, dass die zu viel gedruckten Wahlunterlagen im großen Stil von Stadtangestellten angekreuzt und in die Briefwahlurne gesteckt werden.
In der Stadt gibt es jede Menge Wahlbezirke, aber nur 1 Bezirk für Briefwahl. Dieser eine Wahlkreis machte 2021   47% der Stimmen aus. Wenn man nur an dieser Stelle manipuliert, hat man die größte Wirkung.
Man darf natürlich nicht so viele Briefe einwerfen, dass mit der normalen Wahl sich eine Wahlbeteiligung größer 100% ergibt. 
Geht man aber von einer Wahlbeteiligung von 70% aus, kann man z.B. der CDU oder der SPD im Wahlkreis ein paar Prozentpunkt zuschustern, ohne dass es auffällt.
Noch sicherer ist: 30% der Briefe herauszunehmen, dieses zu vernichten und dafür z.B. dieselbe Menge an Nur-CDU Stimmen einzuwerfen. Dann stimmen sogar die Übergabeprotokolle, denn die Anzahl bleibt ja gleich.
Folgendes ist mir aus der Nachbarstadt durch einen Kollegen zu Ohren gekommen:
Eine städtisch angestellte Kindergärtnerin hat an einer Auszählung teilgenommen.
Um 18 Uhr kam ein städischer Angestellter, brachte eine offene Urne mit Stimmzetteln und sagte: ""Wir haben die vorher schomal aufgemacht, damit es für Sie jetzt hier schneller geht"".

Würden Sie, Herr MrWissen2go, als einfacher Angestellter der Stadt, die Polizei rufen und die gesamte Briefwahl (47% der Stimmen) für ungültig erklären?

In der Briefwahl ist der Anteil der AFD-Stimmen meistens deutlich kleiner. Das muss aber nicht unbedingt an Wahlmanipulation liegen. Es ist ein Hinweis, aber mehr nicht.

Denn nehmen wir an, dass alle(!) AFD-Wähler für das Problem der Briefwahl sensibilisiert wären und aus diesem Grund nur normale Wahl machen. Dann wäre das Ergebnis bei der Briefwahl genau Null Prozent für die AFD, weil kein AFD-Wähler Briefwahl gemacht hat.",0,2023-12-23 17:19:39+00:00,toxic,2023-12
pyXS4ytSIGY,"Er wird flächendeckend praktiziert!
Die Wahlbeobachtung ist nur im Wahlbüro selbst möglich. Warum wohl?!
Und die Briefwähler sollen ja ganz anders wählen. Begründung?
Es wurden ja schon mehrfach irgendwelche Säcke mit Briefwahlstimmen gefunden: es gab mehr Stimmen als Wahlberechtigte, einzelne Parteien wurden gar nicht (!) gewählt bei tausenden Stimmen etc.
Und die Auszählungsergebnisse werden häufig telefonisch (!) weitergegeben. Wenn sich der Angerufene mal nicht „zufällig“ verschreibt…
Die Wahlen sind eine Farce. Soll jeder selbst entscheiden, ob er das mitmacht oder nicht.",2,2023-10-09 06:29:15+00:00,toxic,2023-10
pyXS4ytSIGY,"Dummer Beitrag 
Super Demokratie 🤣",0,2023-10-08 15:38:39+00:00,toxic,2023-10
pyXS4ytSIGY,"Das ist leichter als man denkt. Gezählt werden die Stimmen  eines Wahlkrieses nur von der SPD und schon haben wir einen SPD'ler als Kanzler. Wer überprüft eigentlich die Zähler , SPD Anhänger oder Anzahl der Stimmzettel. Ich war einmal dabei.  Ich weis wie es geht .Denn keinen interessiert hinterher wer wieviele stimmen hat um 22er  Uhr. Die wollen nur noch nach hause.",2,2023-09-25 15:12:26+00:00,toxic,2023-09
pyXS4ytSIGY,"Bei uns heisst das nicht Wahlbetrug, sondern nur hohe Toleranz bei Auszählungen.",4,2023-09-25 09:51:29+00:00,toxic,2023-09
pyXS4ytSIGY,"Natürlich ist der Wahlbetrug in den USA nachgewiesen. Recherchiere mal richtig! Schon allein der Kinofilm ""2000 mules"" zeigt es gut.

Mit euch großen Youtubern ist es immer das selbe. Ihr folgt den Mainstream Medien wie blinde Schaafe. Nach dem Motto hauptsache nicht nachdenken oder anecken🤦🏼‍♂️",1,2023-07-04 13:54:01+00:00,toxic,2023-07
pyXS4ytSIGY,"Ja schon die art und weise wie sich koalitionen zur regierung bilden grenzt an wahlbetrug. Derzeitig hat die cdu bei umfragen 27 prozent, spd 20 prozent, afd 19,5 prozent, die grünen 13 prozent usw. Wenn die Wahlen nach dem willen des volkes gehen würden würde die CDU und Spd gemeinsam auf 47 Prozent kommen, da dies noch nicht reicht zur mehrheit und zur regierung sollte in einem ordentlichen wahlsystem welches nach des volkes willen gebildet wird, die AFD ebendfalls in die regierung rutschen mit 19,5 prozent. Diese 3 parteien sind laut wahlen die stärksten kräfte und bilden somit die regierung, nicht irgendeine partei wie die grünen oder fdp. Die platz 4 und 5 belegen. Nein in einem ordentlichen demokratischen wahlgang bilden die stärksten parteien die regierung also laut umfragen derzeitig CDU, SPD, AfD. Gemeinsam 66,5 prozent. Nicht anders hat das demokratische wahlsystem abzulaufen. Alles andere ist betrug am wähler.",0,2023-06-23 07:04:15+00:00,toxic,2023-06
pyXS4ytSIGY,niemand redet wie viel macht journalisten haben die können die wahl auch beeinflussen,0,2023-05-30 13:48:21+00:00,toxic,2023-05
pyXS4ytSIGY,Es ist noch einfacher zu Manipulieren. Dort wo die ganzen stimmen von den Wahlkreisen zusammen gezählt werden. Da darf der Bürger komischer weise nicht da bei sein. Nur in den einzelnen Wahllokalen wo man ja kein gesamtüberblick hat da ja die Wahl geheim ist. Es gibt zwar Wahlbeobachter die sehen aber nur immer das kleine stück aus dem Wahlkreis.,1,2023-04-25 18:01:10+00:00,toxic,2023-04
pyXS4ytSIGY,"Nach diesen Gesetzen müsste der Trump schon lange für 5 Jahre Haft im Gefängnis sitzen, da er ja den Versuch machte den Wahlprozess gewaltsam zu unterbrechen bzw zu verhindern. Aber leider läuft er immer noch frei rum.",1,2023-03-17 18:57:30+00:00,toxic,2023-03
pyXS4ytSIGY,Welche Demokratie denn?,0,2023-02-17 21:07:12+00:00,neutral,2023-02
pyXS4ytSIGY,"Wer glaubt, dass wir hier in Deutschland noch in einer Demokratie leben, hat einen Realitätsverlust.
Fakt ist: Wir dürfen wählen. Das ist unser einziges Recht. Nach der Wahl handeln die Politiker gegen das Volk.",1,2023-01-15 12:28:58+00:00,toxic,2023-01
pyXS4ytSIGY,In erster Lienie fälschen Politiker der Ampel,0,2022-11-06 16:44:39+00:00,toxic,2022-11
pyXS4ytSIGY,Traue keinem Bericht denn du nicht selbst gefälscht hast...,0,2022-11-02 23:42:11+00:00,toxic,2022-11
pyXS4ytSIGY,"Ja gibt es, wird nur vertuscht und klein geredet, es fängt schon an das die meisten Wahlhelfer von SPD und CDU sind und hört mit eindeutigen Aussagen bei der letzten Wahl auf, die von einem SPD Politiker getroffen wurden! 
Im übrigen hat die CDU mit Absicht verloren, ich weiß nicht wieso aber laut Verschwörungstheorien soll das so sein, macht ihr seit so ein Recherche Team, fragt Mal danach würde mich interessieren ob das stimmt.",0,2022-10-25 20:21:24+00:00,toxic,2022-10
pyXS4ytSIGY,Ist heute so einfach wie nie zuvor,0,2022-10-22 10:32:30+00:00,neutral,2022-10
pyXS4ytSIGY,Ich denke schon bei uns liegen Bleistifte zum ankreuzten !,0,2022-10-12 20:36:24+00:00,neutral,2022-10
pyXS4ytSIGY,"Selbstverständlich wird in Deutschland massiv manipuliert. Das fängt schon mit den nicht mehr unabhängigen Leitmedien und des ÖR an. Wenn ich den Menschen permanent einseitige, ausgewählte Informationen vermittle, dann ist das Ergebnis manipuliert und nichts anderes als Wahlbetrug. Die Neutralität der ÖR-Sender ist seit Jahren nicht mehr gegeben.",0,2022-10-10 07:44:25+00:00,toxic,2022-10
pyXS4ytSIGY,"Die BRD wird immer durch Wahlbetrug die Bürger verachten..
Reihenfolge auf Wahlzettel
Manipulation durch Fernsehen
Keine Kontrolle des eigenen Wahlzettels durch Codierung und Überprüfung
Wahlversprechen werden  gebrochen ohne rechtliche juristische Möglichkeit zu haben
Eine Stimme die in eine Urne kommt ist sofort tot...
Behalte deine Stimme...
Volksabstimmungen so wie im Grundgesetz geschrieben sind die echte Demokratie..
Keine repräsentative Demokratie
Wie lange lässt du dich noch verarschen???
Zähle deine Geburstage....",1,2022-10-09 18:23:10+00:00,toxic,2022-10
pyXS4ytSIGY,"Bei der deutschen Wahl ist auch Wahlfälschung im Gange. Siehe Berlin. Die Frage ist, ob die Wahlen gefälscht wurden. Weil sonst wäre keine kriminelle Bande aus Dieben, Kriegsgeilen Dieben und Geldgeilen Dieben, also narzischen Dieben besteht, grenzt das schon an Verhältnissen wie in Russland.",0,2022-10-03 12:39:10+00:00,toxic,2022-10
pyXS4ytSIGY,Die Wahl videoüberwachung,0,2022-05-10 16:57:14+00:00,neutral,2022-05
pyXS4ytSIGY,Ganz klar: jein! 😂,0,2022-02-19 06:05:36+00:00,neutral,2022-02
pyXS4ytSIGY,Jerrymandering,0,2022-01-04 14:40:06+00:00,neutral,2022-01
pyXS4ytSIGY,"Bleibt mal lieber in Deutschland ,da ist Wahlbetrug schon lange möglich.!!!! !!!! !!! (siehe Wahlbetrug in Stendal, Sachen-Anhalt).usw,usw.",1,2021-12-23 19:40:56+00:00,toxic,2021-12
pyXS4ytSIGY,"Wahlbetrug ist in Deutschland gängige Praxis. Siehe FDP Kemmerich und Merkel die Wahlen ""rückgängig"" gemacht hat. Und Bundestagswahl 2021 in Berlin mit Wahlbetrug/Manipulation/Panne. Wähler haben keine Zettel bekommen und bis heute keine Berichte darüber. Mr. to GO deine Stellungnahme?",1,2021-12-20 15:32:52+00:00,toxic,2021-12
pyXS4ytSIGY,"6:11 Ja genau - youtube nimmt das Thema seeehhhr ernst. Wenn man/frau/div Videos macht, in denen Behauptet wird, daß es bei der Bundestagswahl 2021 Wahlbetrug gab, dann wird man/frau/div gesperrt. Ich glaube, es waren gerade 10 Tage bis herauskam, daß es in Berlin ""Unregelmäßigkeiten"" gab.",1,2021-12-12 22:20:57+00:00,toxic,2021-12
pyXS4ytSIGY,Also ich finde in der Info-Box nichts zur Studie mit der automatisierten Berechnungsmethode :(,1,2021-10-22 02:38:40+00:00,neutral,2021-10
pyXS4ytSIGY,"Ahja zerissene Wahlurnensiegel, bevor das go gegeben wird, genau in den Wahlkreisen wo die meiste Menschenmasse zusammen trifft um dann sein Kreuz an Ausfüllpodesten zusetzen mit nichts weiter als einem vorgefundenen angeketteten Bleistift     (AAALAAARM!!!)",1,2021-10-18 14:47:58+00:00,toxic,2021-10
pyXS4ytSIGY,"WAHLBETRUG in Berlin!!!!
Minderjährige haben rechtswidrig an der Bundestagswahl teilgenommen.",2,2021-10-06 20:27:12+00:00,toxic,2021-10
pyXS4ytSIGY,"Wenn der Wahlbetrug begangen wurde, bedarf es keiner Überlegungen mehr, ob er möglich wäre.",1,2021-10-05 23:55:02+00:00,toxic,2021-10
pyXS4ytSIGY,Klar! Sehe Berlin 2021!,2,2021-10-05 08:47:04+00:00,neutral,2021-10
pyXS4ytSIGY,Deutschland ist mittlerweile schlimmer als der Kongo . Dort sind Spenden an Politiker verboten und werden BESTECHUNG genannt!,2,2021-10-02 07:06:15+00:00,toxic,2021-10
pyXS4ytSIGY,Ich wuste es :D die wahlen können unmöglich so verlaufen sein. jeder sollte sich nochmal thüringen 2019 in erinnerung rufen :D,2,2021-10-01 10:45:08+00:00,toxic,2021-10
pyXS4ytSIGY,"Die machen  gar  nichts  (Deutschland  ist  das Paradies  für  kriminellen  und VERBRECHER, die machen  Geschäfte  mit dem  masken, und  niemand  interessiert  das (ein Kind  von  die  Grundschule  hat  mir  gesagt  ich kriege  keine Luft  mehr  wegen  die  maske zu tragen  (das ist  eine  kriminelle  Gesellschäfte  mit dem kinder  ,aber keine  macht  was  dagegen  (ich sage  immer  Deutschland  ist  ein  Paradies  für  kriminellen  .passiert  überhaupt  nichts  ..",3,2021-09-29 12:43:25+00:00,toxic,2021-09
pyXS4ytSIGY,"Warum gibt es bei den Bundestagswahlen, keine Wahlhelfer von jeder Partei?? Ich glaube an Wahlbetrug",3,2021-09-29 12:18:52+00:00,neutral,2021-09
pyXS4ytSIGY,😂😂😂😂😂wer es glaubt wird selig jetzt sind schon einige Sachen wieder passiert mehrere aktuelle Videos zeigen es wieder das Wahlbeobachter denen aufgefallen ist das was nicht stimmt des Platzes verwiesen worden !!!!!!!!!,5,2021-09-28 18:33:08+00:00,toxic,2021-09
pyXS4ytSIGY,"Ich bin seit ein paar Jahren Wahlhelfer und war auch bei Bundestagswahl am Sonntag als Schriftführer aktiv. Für meinen Teil kann ich sagen, dass die Stimmen ohne irgendwelche Betrügereien ausgezählt wurden und die Zahlen, die ich in die Niederschrift geschrieben habe sind im Statistikportal meiner Stadt sichtbar. Dementsprechend weiß ich, dass es keine Manipulationen von höherer Stelle gibt. Die Beispiele aus dem Video sind für mich unorganisierte Einzelfälle, welche schnell auffallen. 

Aber: Ich kann natürlich nicht ausschließen, dass Wahlhelfer (ungewollte) Fehler machen. Normalerweise greift hier eine gewisse Plausibilitätsprüfung (Summe aller Stimmen der verschiedenen Parteien, plus ungültige Stimmen muss der Zahl der abgegebenen Stimmen im Wählerverzeichnis entsprechen), die solche Fehler sichtbar machen soll.

Übrigens: In allen Wahlen in denen ich Aktiv war hatten wir in unserem Wahlkreis noch nie einen Beobachter bei der Auszählung, obwohl wir mache Personen bei Fragen auf die Möglichkeit hingewiesen haben. Und das ist furchtbar Schade.",3,2021-09-28 11:53:01+00:00,neutral,2021-09
pyXS4ytSIGY,"Betrug ist IMMER und ÜBERALL möglich.
Wer etwas anderes glaubt, der glaubt das auch
nur und vertraute nicht auf Fakten.",2,2021-09-27 18:08:03+00:00,toxic,2021-09
pyXS4ytSIGY,Ab 2021 ist das hier auch möglich !! Die Politiker sind hier Korrupt ! Unser Wohl und unsere Gesundheit ist deren egal,2,2021-09-27 16:53:17+00:00,neutral,2021-09
pyXS4ytSIGY,"Auch diese Wahl ist manipuliert! man sieht es daran das die Ergebnisse schon vorher ""ausversehen"" im Fernsehen gezeigt wurden! Und komisch das die Ergebnisse mit den aktuellen übereinstimmen!",2,2021-09-27 08:42:33+00:00,toxic,2021-09
pyXS4ytSIGY,"Mirko die Wahl war gefälscht, jeder Richter hat aus den Gebieten die Überprüfung angeordnet, informiere dich bei den Audits der Richter! Biden ist ein Betrüger!",3,2021-09-27 07:51:37+00:00,toxic,2021-09
pyXS4ytSIGY,jo die jetzige wahl bestimmt alles grüne wahlhelfer und haben die AFD wahlzettel verschwinden lassen,2,2021-09-27 07:10:24+00:00,toxic,2021-09
pyXS4ytSIGY,Trump hatte recht,2,2021-09-26 20:13:45+00:00,neutral,2021-09
pyXS4ytSIGY,Trump won,3,2021-09-26 20:04:25+00:00,neutral,2021-09
pyXS4ytSIGY,"wenn wahlen etwas bewirken würden, dann wären diese längst verboten! ist doch hinlänglich bekannt, oder nicht? nanu?",3,2021-09-26 20:00:10+00:00,neutral,2021-09
pyXS4ytSIGY,Wenn morgen die grüne und die SPD an die macht kommt dann ist es manipuliert,2,2021-09-25 18:20:50+00:00,neutral,2021-09
pyXS4ytSIGY,"Also ich musste dieses Jahr leider per Briefwahl wählen weil ich auf Dienstreise bin.

Und ganz ehrlich,  alleine der gesunde Menschenverstand sagt einem,  dass der ganze Prozess so viele sicherheitslücken und Angriffsflächen bietet wie ein Schweizer Käse. 

Da braucht man keinen Doktortitel oder vuertelstündige Videos gucken un zu verstehen dass es eigentlich kriminell ist uns so wählen zu lassen. 

Jede Wahl mit mehr als 10% briefwahlanteil sollte prinzipiell annulliert werden.",0,2021-09-24 14:08:04+00:00,toxic,2021-09
pyXS4ytSIGY,Offenbar ist es auch möglich Wahlurnen zu öffnen. Und zwar trotz schloss und siegel. Das sehe ich als größtes Problem bei der Wahl...,1,2021-09-24 03:09:06+00:00,toxic,2021-09
pyXS4ytSIGY,"Nein. Wahlbetrug in Deutschland? Die Politiker bescheißen das Volk schon Jahrzehnte lang. Da gibt es keinen Wahlbetrug, den gibt es nur in Russland.",1,2021-09-23 12:43:12+00:00,toxic,2021-09
pyXS4ytSIGY,Wird bei der BTW mit Sicherheit auch versucht zu manipulieren,1,2021-09-19 20:58:07+00:00,toxic,2021-09
pyXS4ytSIGY,Ich liebe diese Neutralität in deinen Videos. Mir wird keine Meinung unterschwellig untergejubelt sondern einfach nur informiert 👍🏽👍🏽👍🏽,0,2021-09-19 19:45:25+00:00,toxic,2021-09
pyXS4ytSIGY,"Wahlbetrug in Deutschland.  Ist das möglich?
***
Antwort:  Aber JA.  Es ist auch gar nicht schwer.
***
Wahlbetrug nach § 107a StGB ist strafbar!
***
Methode I  - ""Sundays for Future""  ;-P
a.
Normaler Ablauf der Auszählung.  Meistens 18.00 Uhr.
Türen werden geschlossen.  Wahlbeobachter gibt es so gut wie nie.   :-)
Nun werden sämtliche Umschläge geöffnet.
Die Wahlscheine werden aufgeklappt und auf einem großen Haufen gesammelt.
Dann werden diese gezählt.  Nur die Anzahl.  Nicht die Inhalte.
b.
Nun beginnt man in der Regel damit die Wahlscheine auf verschiedene ""Parteistapel"" zu verteilen.
Also einen Stapel mit den Stimmen für die CXU, einen Stapel mit den Stimmen für die SPX, ...usw.
Bis man sämtliche Wahlscheine auf die Stapel verteilt hat.  Das sind teilweise sehr viele Stapel.  
*
ACHTUNG: Dabei werden die UNGÜLTIGEN Wahlscheine aussortiert. (ohne Kreuz, unterschrieben, Hakenkreuz, etc.)
Diese werden gesondert gesammelt und registriert.
*
c.
Im nächsten Schritt - z ä h l t - man die Anzahl der Wahlscheine der verschiedenen Stapel.
Beispiel:  Der Stapel der SPX hat 245 Wahlzettel/Stimmen, der Stapel der CXU hat hat 255 Wahlzettel/Stimmen, usw.
e.
Die SUMME aller gültigen Parteistimmen plus die SUMME der ungültigen Wahlscheine muss mit der Summe aller Wahlscheine übereinstimmen.
Damit prüft man, ob alle Wahlscheine berücksichtigt wurden.  Es wird jedoch lediglich die Anzahl geprüft.
Wenn alles passt, werden die Stimmzettel eingetütet und versiegelt.  
Anschließend wird das Ergebnis (meist telefonisch) bekannt gegeben. Je früher desto besser.  Spätestens um 20 Uhr.  Darum der Zeitdruck.
Zum Abschluss klopft man sich gegenseitig auf die Schulter, kassiert 50 Euro Erfrischungsgeld und geht nach Hause.
f.
BETRUG:
Zurück zu  Schritt ""b.""
Die fiktive Wahlfälscherin Luisa N. nimmt sich eine Handvoll Wahlscheine vom unsortierten Stapel und beginnt mit dem sortieren.
Sie nimmt sich zwei Stimmzettel von der CXU und drei von der SPX und ganz oben drauf legt sie einen Stimmzettel der Partei ""Bündnis 99"".  
Diesen Packen Wahlscheine, also insgesamt 6 Wahlscheine, legt sie auf den Stapel der Partei ""Bündnis 99"".
Die 5 verkehrt (!) sortierten Wahlscheine entdeckt niemand, da sie von einem (!) richtig zugeordneten Wahlschein ganz oben verdeckt werden.
Ab hier zählt, wie bereits geschrieben, nur noch die Summe der Wahlscheine in jedem Partei-Stapel.  
Die Wahlscheine werden schon aus Zeitgründen nie doppelt auf die Partei gecheckt.
Die Partei ""Bündnis 99"" hat soeben 5 zusätzliche Stimmen erhalten.  Bravo ! 
***
Auf die gleiche Weise kann man natürlich auch Stimmen für die AXD verschwinden lassen.  
Einfach 5 gültige Stimmen bei einer Kleinst-Partei unterschieben.  
***
g.
Ein solcher Betrug kann so gut wie gar nicht aufgedeckt werden.
Selbst wenn der Stapel aus irgendeinem Grund noch einmal ausgezählt werden muss, kann sich der entsprechende Wahlhelfer den Stapel sichern.  Das fällt gar nicht auf.  (Genau so wenig, wie das fehlende ""d"" in meiner Aufzählung)
Am Ende werden die Wahlscheine/Beweise auch noch versiegelt.  Perfekt.
h.
""Peace of Cake"" .... wie US Amerikanische Wahlfälscher zu sagen pflegen.
Das Beste daran:  Man kann niemandem etwas nachweisen, da es im Grunde jeder gewesen sein könnte.  
Selbst Wahlbeobachter bekommen nichts mit.  Sie dürfen nur zusehen, aber nicht aktiv auszählen oder das Zählen stören.
***
Das ist nur eine von mehreren Möglichkeiten.

Wie man im großen Stil per Briefwahl fälscht erkläre ich dann ab dem  27. September.",1,2021-09-18 16:07:02+00:00,toxic,2021-09
pyXS4ytSIGY,"Verbietet die Briefwahl für die Leute, die nur aus Corona-Angst nicht vor Ort erscheinen. Wer geschäftlich im Ausland zur Bundestagswahl ist, der soll per Briefwahl wählen können. Ich bezweifele, dass bei einer Briefwahl jeder einzelne Zettel auf einen realen Wähler abgeglichen wird.",1,2021-09-18 15:21:25+00:00,toxic,2021-09
pyXS4ytSIGY,"Die OSZE hat 2014 an Kriegsverbrechen in der Ostukraine mitgemacht (OSCE-beschilderte Fahrzeuge mit Offizieren von Ukraine und NATO besetzt und Vorposten der Gegenseite ausspioniert). So ruiniert man aber die Sicherheit für Rettungsfahrzeuge und Hilfsorganisationen und deshalb ist so ein Missbrauch der Fahrzeuge von neutralen Organisationen als Kriegsverbrechen eingestuft. Diese Organisation ist also schwer kompromitiert und taugt nichts als Stütze für saubere Wahlen, da sie sich zu eindeutig parteiischen Straftaten hinreißen ließ.",0,2021-09-16 16:50:00+00:00,toxic,2021-09
pyXS4ytSIGY,"Maricopa County (Hauptstadt-Gegend Phönix, Arizona) hatte Wahlbeteiligung von 140%. In viele Stunden langen Anhörungen erzählten Zeugen, welche Variante von Wahlschummel sie in der letzten US-Wahl erlebt hatten. Da gab es noch Tage später nachgelieferte Briefwahlstimmen, wurden Kisten mit Stimmen erst nach Wegschicken der Wahlbeobachter aus einem Schrank gezogen, Wahlbeobachter aus den Gebäuden verbannt und die Scheiben abgeklebt, tauchten spät nachts Transporter mit zusätzlichen Kisten voller Stimmen auf, wurde ein an der Manipulation der Wahlmaschinen beteiligter Server in Frankfurt am Main von Sondereinheiten gestürmt und von der CIA verteidigt, wobei es Tote gab. Nicht alle Wähler mussten sich ausweisen als wahlberechtigt. Es laufen immer noch Gerichtsverfahren und Biden ist noch nicht sicher der gewählte Präsident. 

Aber dass da einfach nicht registrierte Wähler abstimmen konnten, klingt bestimmt auch nur auf den ersten Blick plausibel, nicht wahr? Sonst wäre ja Trump Wahlsieger, und das kann kein Faktenfuchs bestätigen wollen, der von Trump-Gegnern bezahlt wird.

Wahlbetrug kann vielfach erfolgen:
a) 17:59 Uhr alle Nicht-Komplizen (Wahlbeobachter, uneingeweihte Auszähler) aus dem Raum schicken und in den Minuten bis zum Wiedereinlass eine andere Wahlurne hinstellen oder vorbereitete hunderte Stimmen für bis 18:00 Uhr nicht erschienene Wähler einwerfen und auf den Wahllisten abhaken.
b) sich Vollmachten besorgen und wie in Dessau 2016 auch verurteilt nennenswert viele Wahlunterlagen selbst ausfüllen oder alten Leuten den Stift führen beim ausfüllen - vor allem durch Aktivisten, die bestimmte Parteien schädigen wollen und dazu Organisationen von Senioren oder Altenheime abklappern und dort Briefwahl und Ausfüllung ""betreuen"".
c) durch Wahl-Software Stimmen falsch aus einzelnen Wahlbüros zusammenrechnen. Da stürzen dann gern - wie 2008 in Eberswalde zur Bürgermeisterwahl - für Stunden die PCs ab, wenn das Wahlergebnis aus dem Ruder zu laufen droht. Dann wachen die Rechner wieder auf und es hat ein Kandidat der Altparteien wieder die Nase vorn. Vergleichbar mit manipulierten Wahlmaschinen, nur eine Ebene höher. 
d) einzelne Aktivisten (meist linksgrün) im Wahllokal können bei der Auszählung auch Stimmen ungültig machen - da reicht ein Strich, ein zweites Kreuz.
e) Aktivisten können aber auch Stimmen auf den falschen Stapel zählen, also Zweitstimmen einer anderen Partei zuordnen. Habe ich einmal als Wahlbeobachter zufällig gesehen. Dann musste ich mehr Abstand halten, damit sich das nicht wiederholt. Der beanstandete Stapel wurde nicht noch einmal für mich sichtbar geprüft.
f) im Vorfeld manipulierte Wähler durch absichtlich falsche Wahl-Orakel, durch Bevorzugung von Kandidaten in den Massenmedien, durch Sabotage von Wahlveranstaltungen bestimmter Parteien, durch Rufmord gegen einige Kandidaten, durch Großspenden dominierte Wahlplakatfläche und durch Bevorzugung bestimmter Parteien bei attraktiven Flächen für Großplakate oder bei Preisen für identische Werbeflächen. Das findet schon immer und für jeden erkennbar statt.
g) Aktivisten sammeln in Wohngebieten mit besonders hoher Wahlbereitschaft für ihre Lieblingspartei die Nichtwähler und schleifen sie zur Wahl, während in anderen Wahlgebieten den Leuten eingeredet wird, Wahlen bringen nichts und Nichtwählen wäre idealer Protest gegen das System. 


Übrigens belegt eine Studie vom niederländischen Flagschiff der Wissenschaftsverlage ELSEVIER, dass alle Wahlen seit der Wende in Deutschland zu Lasten der kleinen Parteien manipuliert wurden.

http://www.sciencedirect.com/science/article/pii/S0261379411000370 Elsevier Studie Wahlfälschung seit 1990
Google findet das nicht mehr, aber Deutschland hat danach verträge mit ELSEVIER gekündigt und nun ist bei denen der Artikel nicht mehr online. 
Zum Glück gibt es Kopien. https://web.archive.org/web/20201112013554/https://www.sciencedirect.com/science/article/abs/pii/S0261379411000370
Wenn also mit dieser Sendung https://www.youtube.com/watch?v=YjLMUVCJE8Q&ab_channel=BR24 so viele Betrugsmöglichkeiten und auch die Landtagswahl Sachsen-Anhalt 2021 einfach übergangen werden und Studien zu systematischer und relevanter Wahlfälschung gecancelt werden, dann wissen wir doch, was da läuft!",0,2021-09-16 16:40:57+00:00,toxic,2021-09
pyXS4ytSIGY,"Manipulieren ist unwarscheinlich, weil kompliziert ist, und  viel Kraft und Geld kostet😂👎.  Es  besagt nur, das es für normaler Bürger es kaum möglich ist. Für die Machthaber und Konzerne schon.",0,2021-09-12 05:40:37+00:00,toxic,2021-09
pyXS4ytSIGY,https://www.youtube.com/watch?v=tfkjBzAtq2g Ja ist es...,0,2021-09-04 10:46:33+00:00,neutral,2021-09
pyXS4ytSIGY,"„Die Leute, die die Stimmen abgeben, entscheiden nichts. Die Leute, die die Stimmen zählen, entscheiden alles.“ —  Josef Stalin",0,2021-09-02 19:52:36+00:00,toxic,2021-09
pyXS4ytSIGY,"Kann ich eigentlich wenn ich einmal Briefwahl beantragt habe trotzdem zum Wahllokal gehen?
Ich meine nicht um dort nochmal zu wählen, sondern um doch nicht an der Briefwahl teilzunehmen, sondern vor Ort zu wählen.
Oder kann ich den Brief der Briefwahl dort im Wahllokal einwerfen bzw. gegen einen ""regulären"" Wahlzettel eintauschen?",0,2021-09-01 17:25:37+00:00,toxic,2021-09
pyXS4ytSIGY,"Problem ist nicht die Wahl sondern ideologisch verblendete Wahl Helfer. Diese machen diesen Job häufig weil Sie eben sicherstellen wollen, dass die Wahl so verläuft wie sie es sich erhoffen.

Es ist halt auch eine Form des Aktivismus. haben wir also Wahlhelfer besonders aus einem Spektrum zeichnet sich dabei bereits ein problem ab.

Wahlhelfer müssen gründlich überwacht werden und bei betrug schwer bestraft werden, da Sie unsere Demokratie gefährden",0,2021-09-01 13:37:09+00:00,toxic,2021-09
pyXS4ytSIGY,Naja bei knappen Ergebnissen ist es schon von Bedeutung ob manipuliert wird und seit den letzten Monaten bin ich auch überzeugt das die Regierung nichts dem Zufall überlässt,0,2021-08-31 04:57:00+00:00,neutral,2021-08
pyXS4ytSIGY,"Und was ist mit der ""lex thuringia"" ?",0,2021-08-27 09:04:44+00:00,neutral,2021-08
pyXS4ytSIGY,Estoy aprendiendo alemán y estoy practicando la escucha,0,2021-08-26 22:12:25+00:00,toxic,2021-08
pyXS4ytSIGY,"Nur in Russland, China Venezuela usw. da wird betrogen. 
In Deutschland werden uns korrupte und Kriminelle Kandidaten zu Wahl gestellt die wir zu wählen haben 👌",0,2021-08-22 23:09:06+00:00,toxic,2021-08
pyXS4ytSIGY,Die Demokratie ist die Diktatur der dummen. Die Wahlen werden überall manipuliert.,0,2021-08-21 15:07:43+00:00,toxic,2021-08
pyXS4ytSIGY,"Wahlbetrug? nie und Nimmer...Das wäre ja nicht demokratisch... In Deutschland wird, so es nicht von Anfang an Merkels geliebte Volkskammer-Ergebnisse gibt, sooft und so lange ""gewählt"" ,bis das Ergebnis den Vorstellungen der Buntekaiserin Inshallah Mehrkill entspricht...Stichwort Thüringen...",0,2021-08-15 04:56:57+00:00,toxic,2021-08
pyXS4ytSIGY,"Natürlich wird auch hier wieder versucht, Bedenken zu zerstreuen ...",0,2021-08-13 05:45:36+00:00,toxic,2021-08
pyXS4ytSIGY,"Natürlich ist Wahlbetrug möglich, auch in Deutschland! Und das nicht nur bei Briefwahl.
Bei Briefwahlen ist es natürlich besonders einfach, aber wie viele Fälle wie die genannten sind nicht aufgeflogen?",0,2021-08-13 05:42:37+00:00,toxic,2021-08
pyXS4ytSIGY,"Es Wurden erst bei den Letzten Wahlen,
Stimmenzettel Verschickt, wo zb. Oben Rechts ein Loch 
im Stimmzettel war  !  !  !  .  .  .
Wenn man diesen dann Ausfüllt und Ordnungsgemäß
zurück schickt, kommt der dann in den  ( "" Mülleimer "" )
weil der Zettel dann nicht mehr Gültig ist  !  !  !  .  .  .",0,2021-08-02 08:12:31+00:00,toxic,2021-08
pyXS4ytSIGY,"Wer ( "" Seien - OSZE "" ) = Was Erlauben OSZE  !  !  !  .  .  .",0,2021-08-02 08:05:47+00:00,toxic,2021-08
pyXS4ytSIGY,"Es wird Zeit, das Deutschland einen anderen Kurs nimmt und zwar hin zu einer Demokratie und Freiheit! Momentan beherrschen uns mafiöse Zustände. Den Zwerg ""Laschet"" sollte man für alle Zeiten einbetonieren um dem Volk und zukünftigen Generationen zu zeigen das auch Zwerge Ambitionen Richtung Diktatur haben. Wenn wir also gerade bei'm Einbetonieren sind vergessen wir nicht diesen Olaf Scholz und diese gebockte Bärin! Merkel ist dafür nicht brauchbar, denn Leftzen sind schlecht einzubetonieren, daher schickt man sie besser in die Wüste!",0,2021-07-30 07:40:51+00:00,toxic,2021-07
pyXS4ytSIGY,Ein Wahlzettel sollte wie eine Urkunde behandelt werden. Das heißt im Nachhinein vom Wähler erkennbarer Wahlzettel mit Durchnummerierung und vom Wähler seine Unterschrift ohne andere Bezugsgrößen (geheime Wahl). Aber so könnte man anhand der Nummer seine Unterschrift feststellen! Diese Wahlzettel sollten bis zur nächsten Wahl von jedem Wähler einsehbar und kontrollierbar sein.,0,2021-07-30 07:30:00+00:00,toxic,2021-07
pyXS4ytSIGY,Nur ein wort: Dominion,0,2021-07-29 03:31:19+00:00,neutral,2021-07
pyXS4ytSIGY,"MrWissen2go ~ Briefwahl von Altenheimbewohnern ist ein riesiger Einfluss.
Die Rentner sind häufig beeinflussbar oder sogar unzuverlässig, weshalb *Pfleger ausfüllen.*
In Anbetracht das *soviele Patienten in den Pflegeeinrichtungen* sind ein enormer Faktor!!",2,2021-07-19 12:34:42+00:00,toxic,2021-07
pyXS4ytSIGY,"Wer bei den Intensivbetten-Zahlen und PCR-TESTS lügt oder sich an Maskendeals bereichert, betrügt natürlich nicht bei Wahlen ! Nein, soweit würden diejenigen nicht gehen!😉",0,2021-07-12 10:59:29+00:00,toxic,2021-07
pyXS4ytSIGY,Solange nicht doppelt gezählt wird (Wahllokal A prüft Wahllokal B usw) ist Betrug jederzeit möglich.,0,2021-07-06 19:58:06+00:00,toxic,2021-07
pyXS4ytSIGY,Lenin sagte wer die Wahlzettel auszählt besimmt wer gewinnt.,0,2021-07-06 17:51:18+00:00,toxic,2021-07
pyXS4ytSIGY,"Sie sind ja noch viel besser beim manipulieren
Sie manipulieren vorab über
die Medien
Das sieht man an den öffentlich Rechtlichen
Wenn  ich gezwungen werde diese zu bezahlen hat das mit Demokratie einfach nichts zu tun
Ich kann auch keinen zwingen meine Handwerksleistung zu bestellen
Genau da geht die Manipulation los",0,2021-07-06 05:47:53+00:00,toxic,2021-07
pyXS4ytSIGY,Siehe zb. Sachsen!,0,2021-07-06 02:52:24+00:00,neutral,2021-07
1OY0j3cNmmY,"Was ist der Unterschied zwischen einer Krawatte und einem Kuhschwanz?
Der Kuhschwanz verdeckt das ganze Arschloch.",0,2025-11-11 16:14:02+00:00,toxic,2025-11
1OY0j3cNmmY,"Merz, der beste und größte Lügner aller Zeiten. 
Und trotzdem gibt's Unmengen Leute, die werden es nie begreifen. 
Im übrigen ein alter Schinken, bringt mal was neues .",1,2025-07-03 10:52:43+00:00,toxic,2025-07
1OY0j3cNmmY,"Merz, nein Danke ‼️‼️‼️‼️‼️ Was macht man mit unserer Heimat. Nur Schulden!!!! Altparteien weg ‼️‼️‼️‼️ Nur 💙🇩🇪🙏👍‼️☮️🍀",2,2025-06-29 06:42:31+00:00,toxic,2025-06
1OY0j3cNmmY,"Eigenartig,das sich der Rechtsverdreher Merz bei einem Richter die Schuldenbremse etklären lassen muss.😮",1,2025-06-28 13:41:21+00:00,toxic,2025-06
1-mjJCbVDtg,Und morgen die ganze Welt. Heil Merz. Bevor er alle Krank macht.,0,2025-03-20 12:37:02+00:00,toxic,2025-03
1-mjJCbVDtg,Und dieser verlogene Drecksack lacht noch... unglaublich,0,2025-03-20 08:08:22+00:00,toxic,2025-03
1-mjJCbVDtg,"Herr Merz lügt nicht, er ist doch christlich!",0,2025-03-19 19:57:29+00:00,toxic,2025-03
1-mjJCbVDtg,Das vom der Dame die sollte mal die SED Kohle rausrücken,0,2025-03-19 16:06:09+00:00,toxic,2025-03
1-mjJCbVDtg,Sarah Sarah wir wissen doch beide Sarah dass du dasselbe getan hättest du kleine achso tolle schöne Maus🤢🤮🤮🤮🤮🤮🤮🤮🤮,0,2025-03-19 12:51:56+00:00,neutral,2025-03
1-mjJCbVDtg,"Wie gewählt, so geliefert.",0,2025-03-19 12:34:46+00:00,neutral,2025-03
1-mjJCbVDtg,Es Grinsen FRIEDENSUNFÄHIGE,0,2025-03-19 09:27:42+00:00,toxic,2025-03
1-mjJCbVDtg,"Wer ist der krinzende Herr,mit der Brille  ??????????",2,2025-03-19 06:04:29+00:00,toxic,2025-03
1-mjJCbVDtg,Merz hat Deutschland belogen.  Betrogen und verraten. Ich hoffe die Wähler  merken sich diesen betrug.,0,2025-03-18 18:45:25+00:00,toxic,2025-03
1-mjJCbVDtg,Warum kommt da kein Beifall von der AfD?,4,2025-03-18 17:00:52+00:00,toxic,2025-03
1-mjJCbVDtg,Merz ist mit seinem Aufrüstüngsvorhaben ein Betrüger und Kriegstreiber. Ein Verbrecher eben..... Damit wird er ganz Europa ins Verderben treiben!!,0,2025-03-18 16:53:49+00:00,toxic,2025-03
